prop,model,target,n_target,method,k,coverage,coverage_sd,width_sd,frac_inf,cov_inside,cov_outside,frac_outside_target,cov_source_test,cov_source_test_norm,ess_c1,n_train,n_cal_source
clay.tot,plsr,LUCAS.SSL,22650,C0,0,0.8988,0.0001,3.3021,0.0,0.8952,0.9266,0.113,0.902,0.9065,106.0,2698,899
clay.tot,plsr,LUCAS.SSL,22650,C0n,0,0.7138,0.0002,1.8563,0.0,0.6934,0.8742,0.113,0.902,0.9065,106.0,2698,899
clay.tot,plsr,LUCAS.SSL,22650,C1,0,0.8471,0.0001,2.7216,0.0,0.8411,0.8939,0.113,0.902,0.9065,106.0,2698,899
clay.tot,plsr,LUCAS.SSL,22650,C0w,0,0.8476,0.0001,2.7216,0.0,0.8417,0.8939,0.113,0.902,0.9065,106.0,2698,899
clay.tot,plsr,LUCAS.SSL,22650,C2,10,0.8776,0.1231,3.5726,0.0,0.8733,0.9116,0.113,0.902,0.9065,106.0,2698,899
clay.tot,plsr,LUCAS.SSL,22650,C3,10,0.8751,0.1147,3.0804,0.0,0.8697,0.9178,0.113,0.902,0.9065,106.0,2698,899
clay.tot,plsr,LUCAS.SSL,22650,C3n,10,0.9046,0.1059,5.2725,0.0,0.8977,0.9592,0.113,0.902,0.9065,106.0,2698,899
clay.tot,plsr,LUCAS.SSL,22650,C2,25,0.9116,0.0645,3.7016,0.0,0.9087,0.9342,0.113,0.902,0.9065,106.0,2698,899
clay.tot,plsr,LUCAS.SSL,22650,C3,25,0.9154,0.0512,2.944,0.0,0.9142,0.9242,0.113,0.902,0.9065,106.0,2698,899
clay.tot,plsr,LUCAS.SSL,22650,C3n,25,0.9339,0.0459,4.7581,0.0,0.931,0.9567,0.113,0.902,0.9065,106.0,2698,899
clay.tot,plsr,LUCAS.SSL,22650,C2,50,0.9077,0.0302,3.4527,0.0,0.9048,0.9312,0.113,0.902,0.9065,106.0,2698,899
clay.tot,plsr,LUCAS.SSL,22650,C3,50,0.9075,0.0303,2.6989,0.0,0.907,0.9115,0.113,0.902,0.9065,106.0,2698,899
clay.tot,plsr,LUCAS.SSL,22650,C3n,50,0.9109,0.0337,3.7045,0.0,0.9082,0.9323,0.113,0.902,0.9065,106.0,2698,899
clay.tot,plsr,LUCAS.SSL,22650,C2,100,0.8999,0.0143,3.2899,0.0,0.8965,0.9266,0.113,0.902,0.9065,106.0,2698,899
clay.tot,plsr,LUCAS.SSL,22650,C3,100,0.901,0.0235,2.6019,0.0,0.9012,0.8994,0.113,0.902,0.9065,106.0,2698,899
clay.tot,plsr,LUCAS.SSL,22650,C3n,100,0.8962,0.0227,3.2786,0.0,0.894,0.914,0.113,0.902,0.9065,106.0,2698,899
clay.tot,hgb,LUCAS.SSL,22650,C0,0,0.9533,0.0001,2.8984,0.0,0.9545,0.9439,0.113,0.9154,0.9042,106.0,2698,899
clay.tot,hgb,LUCAS.SSL,22650,C0n,0,0.8737,0.0001,2.2259,0.0,0.867,0.9259,0.113,0.9154,0.9042,106.0,2698,899
clay.tot,hgb,LUCAS.SSL,22650,C1,0,0.9562,0.0001,2.9702,0.0,0.9575,0.9462,0.113,0.9154,0.9042,106.0,2698,899
clay.tot,hgb,LUCAS.SSL,22650,C0w,0,0.9566,0.0001,2.9702,0.0,0.9579,0.9462,0.113,0.9154,0.9042,106.0,2698,899
clay.tot,hgb,LUCAS.SSL,22650,C2,10,0.9114,0.0951,2.708,0.0,0.9097,0.9245,0.113,0.9154,0.9042,106.0,2698,899
clay.tot,hgb,LUCAS.SSL,22650,C3,10,0.8928,0.1224,2.9244,0.0,0.8944,0.8811,0.113,0.9154,0.9042,106.0,2698,899
clay.tot,hgb,LUCAS.SSL,22650,C3n,10,0.9092,0.0927,3.8319,0.0,0.9039,0.9508,0.113,0.9154,0.9042,106.0,2698,899
clay.tot,hgb,LUCAS.SSL,22650,C2,25,0.9264,0.0527,2.7876,0.0,0.9255,0.9334,0.113,0.9154,0.9042,106.0,2698,899
clay.tot,hgb,LUCAS.SSL,22650,C3,25,0.9214,0.058,2.6631,0.0,0.9193,0.9374,0.113,0.9154,0.9042,106.0,2698,899
clay.tot,hgb,LUCAS.SSL,22650,C3n,25,0.9397,0.0442,3.3843,0.0,0.9363,0.9659,0.113,0.9154,0.9042,106.0,2698,899
clay.tot,hgb,LUCAS.SSL,22650,C2,50,0.891,0.052,2.2157,0.0,0.8881,0.9145,0.113,0.9154,0.9042,106.0,2698,899
clay.tot,hgb,LUCAS.SSL,22650,C3,50,0.8924,0.0444,2.182,0.0,0.8889,0.9205,0.113,0.9154,0.9042,106.0,2698,899
clay.tot,hgb,LUCAS.SSL,22650,C3n,50,0.9011,0.042,2.6417,0.0,0.8956,0.9447,0.113,0.9154,0.9042,106.0,2698,899
clay.tot,hgb,LUCAS.SSL,22650,C2,100,0.9,0.0283,2.2111,0.0,0.8976,0.9194,0.113,0.9154,0.9042,106.0,2698,899
clay.tot,hgb,LUCAS.SSL,22650,C3,100,0.8955,0.03,2.1588,0.0,0.8923,0.92,0.113,0.9154,0.9042,106.0,2698,899
clay.tot,hgb,LUCAS.SSL,22650,C3n,100,0.9018,0.0213,2.5543,0.0,0.8967,0.9425,0.113,0.9154,0.9042,106.0,2698,899
clay.tot,plsr,ICRAF.ISRIC,3740,C0,0,0.1121,0.0008,0.9636,0.0,0.135,0.0856,0.4642,0.9068,0.9115,50.4,14044,4681
clay.tot,plsr,ICRAF.ISRIC,3740,C0n,0,0.1972,0.0008,1.8612,0.0,0.2449,0.142,0.4642,0.9068,0.9115,50.4,14044,4681
clay.tot,plsr,ICRAF.ISRIC,3740,C1,0,0.9905,0.0003,1.569,0.9894,0.9891,0.9921,0.4642,0.9068,0.9115,50.4,14044,4681
clay.tot,plsr,ICRAF.ISRIC,3740,C0w,0,0.1781,0.0074,1.569,0.0,0.2243,0.1247,0.4642,0.9068,0.9115,50.4,14044,4681
clay.tot,plsr,ICRAF.ISRIC,3740,C2,10,0.8598,0.1197,9.6313,0.0,0.9132,0.7981,0.4642,0.9068,0.9115,50.4,14044,4681
clay.tot,plsr,ICRAF.ISRIC,3740,C3,10,0.9452,0.0775,4.6452,0.0,0.989,0.8945,0.4642,0.9068,0.9115,50.4,14044,4681
clay.tot,plsr,ICRAF.ISRIC,3740,C3n,10,0.9235,0.0858,4.8764,0.0,0.9552,0.8869,0.4642,0.9068,0.9115,50.4,14044,4681
clay.tot,plsr,ICRAF.ISRIC,3740,C2,25,0.9107,0.0536,10.8569,0.0,0.9512,0.8637,0.4642,0.9068,0.9115,50.4,14044,4681
clay.tot,plsr,ICRAF.ISRIC,3740,C3,25,0.9366,0.0477,3.9049,0.0,0.9915,0.8731,0.4642,0.9068,0.9115,50.4,14044,4681
clay.tot,plsr,ICRAF.ISRIC,3740,C3n,25,0.9231,0.0465,4.1231,0.0,0.9595,0.881,0.4642,0.9068,0.9115,50.4,14044,4681
clay.tot,plsr,ICRAF.ISRIC,3740,C2,50,0.9109,0.0281,10.3046,0.0,0.9526,0.8627,0.4642,0.9068,0.9115,50.4,14044,4681
clay.tot,plsr,ICRAF.ISRIC,3740,C3,50,0.9085,0.0456,3.2559,0.0,0.99,0.8142,0.4642,0.9068,0.9115,50.4,14044,4681
clay.tot,plsr,ICRAF.ISRIC,3740,C3n,50,0.9067,0.0381,3.7006,0.0,0.9503,0.8562,0.4642,0.9068,0.9115,50.4,14044,4681
clay.tot,plsr,ICRAF.ISRIC,3740,C2,100,0.897,0.0329,10.1215,0.0,0.9439,0.8427,0.4642,0.9068,0.9115,50.4,14044,4681
clay.tot,plsr,ICRAF.ISRIC,3740,C3,100,0.9042,0.027,3.1289,0.0,0.9951,0.799,0.4642,0.9068,0.9115,50.4,14044,4681
clay.tot,plsr,ICRAF.ISRIC,3740,C3n,100,0.9028,0.0259,3.5443,0.0,0.9491,0.8493,0.4642,0.9068,0.9115,50.4,14044,4681
clay.tot,hgb,ICRAF.ISRIC,3740,C0,0,0.4035,0.0017,0.8892,0.0,0.6665,0.1002,0.4642,0.9009,0.9013,50.4,14044,4681
clay.tot,hgb,ICRAF.ISRIC,3740,C0n,0,0.6152,0.0011,1.4872,0.0,0.8609,0.3316,0.4642,0.9009,0.9013,50.4,14044,4681
clay.tot,hgb,ICRAF.ISRIC,3740,C1,0,0.9971,0.0002,1.611,0.9894,0.999,0.9949,0.4642,0.9009,0.9013,50.4,14044,4681
clay.tot,hgb,ICRAF.ISRIC,3740,C0w,0,0.6511,0.0151,1.611,0.0,0.9565,0.2987,0.4642,0.9009,0.9013,50.4,14044,4681
clay.tot,hgb,ICRAF.ISRIC,3740,C2,10,0.9265,0.0637,4.6544,0.0,1.0,0.8418,0.4642,0.9009,0.9013,50.4,14044,4681
clay.tot,hgb,ICRAF.ISRIC,3740,C3,10,0.9255,0.0669,3.756,0.0,0.978,0.865,0.4642,0.9009,0.9013,50.4,14044,4681
clay.tot,hgb,ICRAF.ISRIC,3740,C3n,10,0.9193,0.0896,4.1742,0.0,0.9459,0.8886,0.4642,0.9009,0.9013,50.4,14044,4681
clay.tot,hgb,ICRAF.ISRIC,3740,C2,25,0.9347,0.0493,4.8033,0.0,1.0,0.8595,0.4642,0.9009,0.9013,50.4,14044,4681
clay.tot,hgb,ICRAF.ISRIC,3740,C3,25,0.9381,0.042,3.6956,0.0,0.9848,0.8842,0.4642,0.9009,0.9013,50.4,14044,4681
clay.tot,hgb,ICRAF.ISRIC,3740,C3n,25,0.9291,0.0547,3.9352,0.0,0.9546,0.8998,0.4642,0.9009,0.9013,50.4,14044,4681
clay.tot,hgb,ICRAF.ISRIC,3740,C2,50,0.8993,0.0495,3.7566,0.0,1.0,0.7832,0.4642,0.9009,0.9013,50.4,14044,4681
clay.tot,hgb,ICRAF.ISRIC,3740,C3,50,0.9009,0.0485,2.9325,0.0,0.9742,0.8165,0.4642,0.9009,0.9013,50.4,14044,4681
clay.tot,hgb,ICRAF.ISRIC,3740,C3n,50,0.8851,0.0481,2.8753,0.0,0.9341,0.8286,0.4642,0.9009,0.9013,50.4,14044,4681
clay.tot,hgb,ICRAF.ISRIC,3740,C2,100,0.8948,0.0355,3.676,0.0,1.0,0.7734,0.4642,0.9009,0.9013,50.4,14044,4681
clay.tot,hgb,ICRAF.ISRIC,3740,C3,100,0.8953,0.0432,2.8152,0.0,0.974,0.8046,0.4642,0.9009,0.9013,50.4,14044,4681
clay.tot,hgb,ICRAF.ISRIC,3740,C3n,100,0.9024,0.036,3.3024,0.0,0.9473,0.8507,0.4642,0.9009,0.9013,50.4,14044,4681
clay.tot,plsr,LUCAS.WOODWELL.SSL,589,C0,0,0.872,0.0059,1.4814,0.0,0.9116,0.7799,0.3005,0.9013,0.9047,40.3,15935,5311
clay.tot,plsr,LUCAS.WOODWELL.SSL,589,C0n,0,0.8984,0.0061,1.4006,0.0,0.9079,0.8763,0.3005,0.9013,0.9047,40.3,15935,5311
clay.tot,plsr,LUCAS.WOODWELL.SSL,589,C1,0,1.0,0.0,5.9781,0.0,1.0,1.0,0.3005,0.9013,0.9047,40.3,15935,5311
clay.tot,plsr,LUCAS.WOODWELL.SSL,589,C0w,0,1.0,0.0,5.9781,0.0,1.0,1.0,0.3005,0.9013,0.9047,40.3,15935,5311
clay.tot,plsr,LUCAS.WOODWELL.SSL,589,C2,10,0.9387,0.0516,1.9903,0.0,0.9604,0.888,0.3005,0.9013,0.9047,40.3,15935,5311
clay.tot,plsr,LUCAS.WOODWELL.SSL,589,C3,10,0.8921,0.0939,2.1154,0.0,0.9327,0.7977,0.3005,0.9013,0.9047,40.3,15935,5311
clay.tot,plsr,LUCAS.WOODWELL.SSL,589,C3n,10,0.9195,0.0818,2.7546,0.0,0.9369,0.8792,0.3005,0.9013,0.9047,40.3,15935,5311
clay.tot,plsr,LUCAS.WOODWELL.SSL,589,C2,25,0.9152,0.0551,1.9006,0.0,0.9431,0.8504,0.3005,0.9013,0.9047,40.3,15935,5311
clay.tot,plsr,LUCAS.WOODWELL.SSL,589,C3,25,0.924,0.0381,2.0632,0.0,0.9511,0.8615,0.3005,0.9013,0.9047,40.3,15935,5311
clay.tot,plsr,LUCAS.WOODWELL.SSL,589,C3n,25,0.9347,0.0529,2.1971,0.0,0.942,0.9178,0.3005,0.9013,0.9047,40.3,15935,5311
clay.tot,plsr,LUCAS.WOODWELL.SSL,589,C2,50,0.9043,0.0415,1.643,0.0,0.9375,0.8276,0.3005,0.9013,0.9047,40.3,15935,5311
clay.tot,plsr,LUCAS.WOODWELL.SSL,589,C3,50,0.8975,0.0498,1.7203,0.0,0.9314,0.8196,0.3005,0.9013,0.9047,40.3,15935,5311
clay.tot,plsr,LUCAS.WOODWELL.SSL,589,C3n,50,0.9017,0.0456,1.5858,0.0,0.9144,0.8723,0.3005,0.9013,0.9047,40.3,15935,5311
clay.tot,plsr,LUCAS.WOODWELL.SSL,589,C2,100,0.9099,0.0298,1.6931,0.0,0.9413,0.8374,0.3005,0.9013,0.9047,40.3,15935,5311
clay.tot,plsr,LUCAS.WOODWELL.SSL,589,C3,100,0.9107,0.0325,1.786,0.0,0.9426,0.8372,0.3005,0.9013,0.9047,40.3,15935,5311
clay.tot,plsr,LUCAS.WOODWELL.SSL,589,C3n,100,0.9079,0.0276,1.5124,0.0,0.9187,0.8829,0.3005,0.9013,0.9047,40.3,15935,5311
clay.tot,hgb,LUCAS.WOODWELL.SSL,589,C0,0,0.8701,0.0066,1.3264,0.0,0.8954,0.8114,0.3005,0.8945,0.8998,40.3,15935,5311
clay.tot,hgb,LUCAS.WOODWELL.SSL,589,C0n,0,0.893,0.0047,1.2694,0.0,0.8928,0.8938,0.3005,0.8945,0.8998,40.3,15935,5311
clay.tot,hgb,LUCAS.WOODWELL.SSL,589,C1,0,0.9739,0.0041,2.2471,0.0,0.9867,0.9442,0.3005,0.8945,0.8998,40.3,15935,5311
clay.tot,hgb,LUCAS.WOODWELL.SSL,589,C0w,0,0.9739,0.0041,2.2471,0.0,0.9867,0.9442,0.3005,0.8945,0.8998,40.3,15935,5311
clay.tot,hgb,LUCAS.WOODWELL.SSL,589,C2,10,0.8577,0.1342,1.6092,0.0,0.8794,0.8071,0.3005,0.8945,0.8998,40.3,15935,5311
clay.tot,hgb,LUCAS.WOODWELL.SSL,589,C3,10,0.8876,0.1291,1.7804,0.0,0.9066,0.8436,0.3005,0.8945,0.8998,40.3,15935,5311
clay.tot,hgb,LUCAS.WOODWELL.SSL,589,C3n,10,0.9042,0.105,1.7696,0.0,0.907,0.8974,0.3005,0.8945,0.8998,40.3,15935,5311
clay.tot,hgb,LUCAS.WOODWELL.SSL,589,C2,25,0.9194,0.0741,1.8809,0.0,0.9372,0.8782,0.3005,0.8945,0.8998,40.3,15935,5311
clay.tot,hgb,LUCAS.WOODWELL.SSL,589,C3,25,0.9262,0.0512,1.8396,0.0,0.9453,0.8817,0.3005,0.8945,0.8998,40.3,15935,5311
clay.tot,hgb,LUCAS.WOODWELL.SSL,589,C3n,25,0.9325,0.0635,1.9383,0.0,0.9312,0.9353,0.3005,0.8945,0.8998,40.3,15935,5311
clay.tot,hgb,LUCAS.WOODWELL.SSL,589,C2,50,0.9201,0.0331,1.6827,0.0,0.9389,0.8766,0.3005,0.8945,0.8998,40.3,15935,5311
clay.tot,hgb,LUCAS.WOODWELL.SSL,589,C3,50,0.9169,0.0352,1.635,0.0,0.935,0.8751,0.3005,0.8945,0.8998,40.3,15935,5311
clay.tot,hgb,LUCAS.WOODWELL.SSL,589,C3n,50,0.9334,0.0324,1.5035,0.0,0.931,0.939,0.3005,0.8945,0.8998,40.3,15935,5311
clay.tot,hgb,LUCAS.WOODWELL.SSL,589,C2,100,0.9135,0.033,1.6768,0.0,0.9335,0.8673,0.3005,0.8945,0.8998,40.3,15935,5311
clay.tot,hgb,LUCAS.WOODWELL.SSL,589,C3,100,0.9142,0.0358,1.5115,0.0,0.9349,0.8668,0.3005,0.8945,0.8998,40.3,15935,5311
clay.tot,hgb,LUCAS.WOODWELL.SSL,589,C3n,100,0.9224,0.0192,1.3865,0.0,0.9213,0.9252,0.3005,0.8945,0.8998,40.3,15935,5311
clay.tot,plsr,KSSL.SSL,166,C0,0,0.8417,0.026,3.2016,0.0,0.8799,0.2798,0.0602,0.9114,0.904,4.6,16190,5395
clay.tot,plsr,KSSL.SSL,166,C0n,0,0.8803,0.0258,3.4523,0.0,0.9093,0.4577,0.0602,0.9114,0.904,4.6,16190,5395
clay.tot,plsr,KSSL.SSL,166,C1,0,0.9848,0.0127,6.6826,0.2008,1.0,0.7965,0.0602,0.9114,0.904,4.6,16190,5395
clay.tot,plsr,KSSL.SSL,166,C0w,0,0.9848,0.0127,6.6826,0.0,1.0,0.7965,0.0602,0.9114,0.904,4.6,16190,5395
clay.tot,plsr,KSSL.SSL,166,C2,10,0.8955,0.0856,3.9342,0.0,0.9271,0.4669,0.0602,0.9114,0.904,4.6,16190,5395
clay.tot,plsr,KSSL.SSL,166,C3,10,0.8773,0.0854,3.0987,0.0,0.9056,0.4857,0.0602,0.9114,0.904,4.6,16190,5395
clay.tot,plsr,KSSL.SSL,166,C3n,10,0.8742,0.0846,2.8324,0.0,0.8935,0.6145,0.0602,0.9114,0.904,4.6,16190,5395
clay.tot,plsr,KSSL.SSL,166,C2,25,0.928,0.0525,4.2115,0.0,0.9609,0.4868,0.0602,0.9114,0.904,4.6,16190,5395
clay.tot,plsr,KSSL.SSL,166,C3,25,0.9303,0.0337,3.5605,0.0,0.9601,0.5336,0.0602,0.9114,0.904,4.6,16190,5395
clay.tot,plsr,KSSL.SSL,166,C3n,25,0.9083,0.0494,3.2452,0.0,0.9232,0.6882,0.0602,0.9114,0.904,4.6,16190,5395
clay.tot,plsr,KSSL.SSL,166,C2,50,0.8947,0.0549,3.6815,0.0,0.9332,0.3685,0.0602,0.9114,0.904,4.6,16190,5395
clay.tot,plsr,KSSL.SSL,166,C3,50,0.8947,0.0603,2.8413,0.0,0.9308,0.4052,0.0602,0.9114,0.904,4.6,16190,5395
clay.tot,plsr,KSSL.SSL,166,C3n,50,0.8962,0.0587,2.7879,0.0,0.9192,0.5886,0.0602,0.9114,0.904,4.6,16190,5395
clay.tot,plsr,KSSL.SSL,166,C2,100,0.8992,0.0359,3.7181,0.0,0.9349,0.4077,0.0602,0.9114,0.904,4.6,16190,5395
clay.tot,plsr,KSSL.SSL,166,C3,100,0.8977,0.0548,2.8326,0.0,0.9363,0.3756,0.0602,0.9114,0.904,4.6,16190,5395
clay.tot,plsr,KSSL.SSL,166,C3n,100,0.8848,0.0603,2.6533,0.0,0.9146,0.4835,0.0602,0.9114,0.904,4.6,16190,5395
clay.tot,hgb,KSSL.SSL,166,C0,0,0.9644,0.0138,2.8787,0.0,0.9904,0.5325,0.0602,0.9132,0.9032,4.6,16190,5395
clay.tot,hgb,KSSL.SSL,166,C0n,0,0.9932,0.0075,3.0244,0.0,0.9928,1.0,0.0602,0.9132,0.9032,4.6,16190,5395
clay.tot,hgb,KSSL.SSL,166,C1,0,0.9144,0.0226,2.3651,0.1992,0.9503,0.3175,0.0602,0.9132,0.9032,4.6,16190,5395
clay.tot,hgb,KSSL.SSL,166,C0w,0,0.8985,0.0235,2.3651,0.0,0.9335,0.3175,0.0602,0.9132,0.9032,4.6,16190,5395
clay.tot,hgb,KSSL.SSL,166,C2,10,0.8788,0.1163,2.2634,0.0,0.9073,0.4088,0.0602,0.9132,0.9032,4.6,16190,5395
clay.tot,hgb,KSSL.SSL,166,C3,10,0.8727,0.1165,2.7678,0.0,0.8978,0.4763,0.0602,0.9132,0.9032,4.6,16190,5395
clay.tot,hgb,KSSL.SSL,166,C3n,10,0.875,0.09,2.1936,0.0,0.8936,0.5754,0.0602,0.9132,0.9032,4.6,16190,5395
clay.tot,hgb,KSSL.SSL,166,C2,25,0.9008,0.0856,2.6096,0.0,0.9325,0.3728,0.0602,0.9132,0.9032,4.6,16190,5395
clay.tot,hgb,KSSL.SSL,166,C3,25,0.9152,0.0687,2.9329,0.0,0.9416,0.4974,0.0602,0.9132,0.9032,4.6,16190,5395
clay.tot,hgb,KSSL.SSL,166,C3n,25,0.9235,0.0592,2.3318,0.0,0.9396,0.6728,0.0602,0.9132,0.9032,4.6,16190,5395
clay.tot,hgb,KSSL.SSL,166,C2,50,0.8917,0.0577,2.4351,0.0,0.9266,0.307,0.0602,0.9132,0.9032,4.6,16190,5395
clay.tot,hgb,KSSL.SSL,166,C3,50,0.8939,0.0581,2.5325,0.0,0.9258,0.3711,0.0602,0.9132,0.9032,4.6,16190,5395
clay.tot,hgb,KSSL.SSL,166,C3n,50,0.9061,0.0586,2.0891,0.0,0.93,0.5254,0.0602,0.9132,0.9032,4.6,16190,5395
clay.tot,hgb,KSSL.SSL,166,C2,100,0.8811,0.0429,2.0917,0.0,0.9148,0.3175,0.0602,0.9132,0.9032,4.6,16190,5395
clay.tot,hgb,KSSL.SSL,166,C3,100,0.8765,0.0534,2.1441,0.0,0.9084,0.3526,0.0602,0.9132,0.9032,4.6,16190,5395
clay.tot,hgb,KSSL.SSL,166,C3n,100,0.8992,0.0448,1.9189,0.0,0.9254,0.4605,0.0602,0.9132,0.9032,4.6,16190,5395
oc,plsr,LUCAS.SSL,40175,C0,0,0.6494,0.0001,1.6015,0.0,0.6452,0.834,0.0221,0.913,0.9051,111.2,14423,4807
oc,plsr,LUCAS.SSL,40175,C0n,0,0.6941,0.0001,1.7351,0.0,0.6901,0.8714,0.0221,0.913,0.9051,111.2,14423,4807
oc,plsr,LUCAS.SSL,40175,C1,0,0.8537,0.0001,2.4294,0.0,0.8521,0.9255,0.0221,0.913,0.9051,111.2,14423,4807
oc,plsr,LUCAS.SSL,40175,C0w,0,0.8537,0.0001,2.4294,0.0,0.8521,0.9255,0.0221,0.913,0.9051,111.2,14423,4807
oc,plsr,LUCAS.SSL,40175,C2,10,0.8998,0.08,2.8378,0.0,0.8987,0.951,0.0221,0.913,0.9051,111.2,14423,4807
oc,plsr,LUCAS.SSL,40175,C3,10,0.9102,0.0908,2.4025,0.0,0.9171,0.6034,0.0221,0.913,0.9051,111.2,14423,4807
oc,plsr,LUCAS.SSL,40175,C3n,10,0.9214,0.0546,2.7754,0.0,0.9258,0.7298,0.0221,0.913,0.9051,111.2,14423,4807
oc,plsr,LUCAS.SSL,40175,C2,25,0.9154,0.0485,2.9878,0.0,0.9144,0.9568,0.0221,0.913,0.9051,111.2,14423,4807
oc,plsr,LUCAS.SSL,40175,C3,25,0.9192,0.0527,2.1419,0.0,0.9269,0.5781,0.0221,0.913,0.9051,111.2,14423,4807
oc,plsr,LUCAS.SSL,40175,C3n,25,0.8999,0.058,2.5761,0.0,0.9041,0.7106,0.0221,0.913,0.9051,111.2,14423,4807
oc,plsr,LUCAS.SSL,40175,C2,50,0.8989,0.0417,2.8127,0.0,0.8978,0.9499,0.0221,0.913,0.9051,111.2,14423,4807
oc,plsr,LUCAS.SSL,40175,C3,50,0.9079,0.045,2.0537,0.0,0.9164,0.5278,0.0221,0.913,0.9051,111.2,14423,4807
oc,plsr,LUCAS.SSL,40175,C3n,50,0.9176,0.035,2.4675,0.0,0.921,0.7658,0.0221,0.913,0.9051,111.2,14423,4807
oc,plsr,LUCAS.SSL,40175,C2,100,0.9016,0.0317,2.8246,0.0,0.9005,0.95,0.0221,0.913,0.9051,111.2,14423,4807
oc,plsr,LUCAS.SSL,40175,C3,100,0.8963,0.0415,1.9692,0.0,0.9061,0.4656,0.0221,0.913,0.9051,111.2,14423,4807
oc,plsr,LUCAS.SSL,40175,C3n,100,0.905,0.0284,2.1934,0.0,0.9092,0.7222,0.0221,0.913,0.9051,111.2,14423,4807
oc,hgb,LUCAS.SSL,40175,C0,0,0.7053,0.0001,1.2906,0.0,0.7091,0.5378,0.0221,0.8918,0.898,111.2,14423,4807
oc,hgb,LUCAS.SSL,40175,C0n,0,0.8218,0.0001,1.6769,0.0,0.8271,0.5864,0.0221,0.8918,0.898,111.2,14423,4807
oc,hgb,LUCAS.SSL,40175,C1,0,0.8993,0.0001,2.2452,0.0,0.9023,0.7667,0.0221,0.8918,0.898,111.2,14423,4807
oc,hgb,LUCAS.SSL,40175,C0w,0,0.8993,0.0001,2.2452,0.0,0.9023,0.7667,0.0221,0.8918,0.898,111.2,14423,4807
oc,hgb,LUCAS.SSL,40175,C2,10,0.9113,0.0628,2.3813,0.0,0.9136,0.81,0.0221,0.8918,0.898,111.2,14423,4807
oc,hgb,LUCAS.SSL,40175,C3,10,0.887,0.1225,2.5809,0.0,0.8945,0.5576,0.0221,0.8918,0.898,111.2,14423,4807
oc,hgb,LUCAS.SSL,40175,C3n,10,0.9261,0.0648,2.9046,0.0,0.934,0.5782,0.0221,0.8918,0.898,111.2,14423,4807
oc,hgb,LUCAS.SSL,40175,C2,25,0.9177,0.0482,2.475,0.0,0.92,0.8139,0.0221,0.8918,0.898,111.2,14423,4807
oc,hgb,LUCAS.SSL,40175,C3,25,0.9152,0.0446,2.5378,0.0,0.9238,0.5342,0.0221,0.8918,0.898,111.2,14423,4807
oc,hgb,LUCAS.SSL,40175,C3n,25,0.9361,0.0357,2.6212,0.0,0.9464,0.4811,0.0221,0.8918,0.898,111.2,14423,4807
oc,hgb,LUCAS.SSL,40175,C2,50,0.8899,0.0426,2.1846,0.0,0.8928,0.7607,0.0221,0.8918,0.898,111.2,14423,4807
oc,hgb,LUCAS.SSL,40175,C3,50,0.8968,0.0366,2.152,0.0,0.9069,0.4516,0.0221,0.8918,0.898,111.2,14423,4807
oc,hgb,LUCAS.SSL,40175,C3n,50,0.9089,0.0273,2.2041,0.0,0.9215,0.3508,0.0221,0.8918,0.898,111.2,14423,4807
oc,hgb,LUCAS.SSL,40175,C2,100,0.894,0.0278,2.1853,0.0,0.897,0.7633,0.0221,0.8918,0.898,111.2,14423,4807
oc,hgb,LUCAS.SSL,40175,C3,100,0.8929,0.0319,2.1461,0.0,0.9018,0.4995,0.0221,0.8918,0.898,111.2,14423,4807
oc,hgb,LUCAS.SSL,40175,C3n,100,0.9003,0.0277,2.1222,0.0,0.9128,0.3496,0.0221,0.8918,0.898,111.2,14423,4807
oc,plsr,KSSL.SSL,19747,C0,0,0.7537,0.0002,0.7333,0.0,0.8307,0.7051,0.6128,0.8954,0.9042,188.2,26680,8892
oc,plsr,KSSL.SSL,19747,C0n,0,0.8645,0.0002,0.9355,0.0,0.9002,0.8419,0.6128,0.8954,0.9042,188.2,26680,8892
oc,plsr,KSSL.SSL,19747,C1,0,0.8767,0.0001,1.1683,0.0,0.9598,0.8242,0.6128,0.8954,0.9042,188.2,26680,8892
oc,plsr,KSSL.SSL,19747,C0w,0,0.8797,0.0001,1.1683,0.0,0.9622,0.8276,0.6128,0.8954,0.9042,188.2,26680,8892
oc,plsr,KSSL.SSL,19747,C2,10,0.9084,0.0673,1.453,0.0,0.9639,0.8733,0.6128,0.8954,0.9042,188.2,26680,8892
oc,plsr,KSSL.SSL,19747,C3,10,0.8965,0.1127,1.6852,0.0,0.9643,0.8537,0.6128,0.8954,0.9042,188.2,26680,8892
oc,plsr,KSSL.SSL,19747,C3n,10,0.892,0.1438,1.4074,0.0,0.9421,0.8603,0.6128,0.8954,0.9042,188.2,26680,8892
oc,plsr,KSSL.SSL,19747,C2,25,0.9202,0.044,1.5592,0.0,0.9773,0.8841,0.6128,0.8954,0.9042,188.2,26680,8892
oc,plsr,KSSL.SSL,19747,C3,25,0.916,0.0588,1.51,0.0,0.9799,0.8756,0.6128,0.8954,0.9042,188.2,26680,8892
oc,plsr,KSSL.SSL,19747,C3n,25,0.928,0.0573,1.3302,0.0,0.9683,0.9026,0.6128,0.8954,0.9042,188.2,26680,8892
oc,plsr,KSSL.SSL,19747,C2,50,0.9146,0.0369,1.4941,0.0,0.9767,0.8754,0.6128,0.8954,0.9042,188.2,26680,8892
oc,plsr,KSSL.SSL,19747,C3,50,0.914,0.037,1.347,0.0,0.981,0.8716,0.6128,0.8954,0.9042,188.2,26680,8892
oc,plsr,KSSL.SSL,19747,C3n,50,0.9178,0.0312,1.2364,0.0,0.9661,0.8873,0.6128,0.8954,0.9042,188.2,26680,8892
oc,plsr,KSSL.SSL,19747,C2,100,0.8927,0.0346,1.2612,0.0,0.9655,0.8468,0.6128,0.8954,0.9042,188.2,26680,8892
oc,plsr,KSSL.SSL,19747,C3,100,0.8991,0.0261,1.1887,0.0,0.9768,0.85,0.6128,0.8954,0.9042,188.2,26680,8892
oc,plsr,KSSL.SSL,19747,C3n,100,0.897,0.0338,1.1506,0.0,0.9582,0.8583,0.6128,0.8954,0.9042,188.2,26680,8892
oc,hgb,KSSL.SSL,19747,C0,0,0.6559,0.0003,0.6393,0.0,0.77,0.5839,0.6128,0.9062,0.9055,188.2,26680,8892
oc,hgb,KSSL.SSL,19747,C0n,0,0.8362,0.0002,0.9667,0.0,0.9219,0.782,0.6128,0.9062,0.9055,188.2,26680,8892
oc,hgb,KSSL.SSL,19747,C1,0,0.7615,0.0002,0.9003,0.0,0.8795,0.687,0.6128,0.9062,0.9055,188.2,26680,8892
oc,hgb,KSSL.SSL,19747,C0w,0,0.7615,0.0002,0.9003,0.0,0.8795,0.687,0.6128,0.9062,0.9055,188.2,26680,8892
oc,hgb,KSSL.SSL,19747,C2,10,0.9128,0.0807,1.9934,0.0,0.9736,0.8743,0.6128,0.9062,0.9055,188.2,26680,8892
oc,hgb,KSSL.SSL,19747,C3,10,0.8974,0.1115,1.8749,0.0,0.9583,0.8589,0.6128,0.9062,0.9055,188.2,26680,8892
oc,hgb,KSSL.SSL,19747,C3n,10,0.9036,0.0949,1.5987,0.0,0.9542,0.8717,0.6128,0.9062,0.9055,188.2,26680,8892
oc,hgb,KSSL.SSL,19747,C2,25,0.931,0.0461,2.0061,0.0,0.9904,0.8935,0.6128,0.9062,0.9055,188.2,26680,8892
oc,hgb,KSSL.SSL,19747,C3,25,0.9338,0.0462,1.6125,0.0,0.9822,0.9032,0.6128,0.9062,0.9055,188.2,26680,8892
oc,hgb,KSSL.SSL,19747,C3n,25,0.9449,0.0426,1.5297,0.0,0.9794,0.9232,0.6128,0.9062,0.9055,188.2,26680,8892
oc,hgb,KSSL.SSL,19747,C2,50,0.914,0.0331,1.6879,0.0,0.9891,0.8665,0.6128,0.9062,0.9055,188.2,26680,8892
oc,hgb,KSSL.SSL,19747,C3,50,0.9139,0.0439,1.3125,0.0,0.9752,0.8751,0.6128,0.9062,0.9055,188.2,26680,8892
oc,hgb,KSSL.SSL,19747,C3n,50,0.9117,0.0388,1.3449,0.0,0.9682,0.876,0.6128,0.9062,0.9055,188.2,26680,8892
oc,hgb,KSSL.SSL,19747,C2,100,0.9063,0.0238,1.5804,0.0,0.9877,0.8549,0.6128,0.9062,0.9055,188.2,26680,8892
oc,hgb,KSSL.SSL,19747,C3,100,0.9104,0.0336,1.2868,0.0,0.9733,0.8707,0.6128,0.9062,0.9055,188.2,26680,8892
oc,hgb,KSSL.SSL,19747,C3n,100,0.9069,0.034,1.2311,0.0,0.9652,0.8701,0.6128,0.9062,0.9055,188.2,26680,8892
oc,plsr,ICRAF.ISRIC,3700,C0,0,0.3984,0.0009,2.0297,0.0,0.4267,0.3713,0.5122,0.8927,0.8987,61.2,36307,12102
oc,plsr,ICRAF.ISRIC,3700,C0n,0,0.4628,0.0012,2.366,0.0,0.4974,0.4297,0.5122,0.8927,0.8987,61.2,36307,12102
oc,plsr,ICRAF.ISRIC,3700,C1,0,0.5692,0.001,3.1046,0.0,0.6038,0.5363,0.5122,0.8927,0.8987,61.2,36307,12102
oc,plsr,ICRAF.ISRIC,3700,C0w,0,0.574,0.0011,3.1046,0.0,0.6098,0.5399,0.5122,0.8927,0.8987,61.2,36307,12102
oc,plsr,ICRAF.ISRIC,3700,C2,10,0.8781,0.0826,6.8797,0.0,0.9009,0.8564,0.5122,0.8927,0.8987,61.2,36307,12102
oc,plsr,ICRAF.ISRIC,3700,C3,10,0.9216,0.0776,4.1615,0.0,0.8731,0.9679,0.5122,0.8927,0.8987,61.2,36307,12102
oc,plsr,ICRAF.ISRIC,3700,C3n,10,0.936,0.0517,4.4462,0.0,0.9148,0.9562,0.5122,0.8927,0.8987,61.2,36307,12102
oc,plsr,ICRAF.ISRIC,3700,C2,25,0.9153,0.0426,7.2697,0.0,0.9336,0.898,0.5122,0.8927,0.8987,61.2,36307,12102
oc,plsr,ICRAF.ISRIC,3700,C3,25,0.9185,0.0382,3.2711,0.0,0.8613,0.9731,0.5122,0.8927,0.8987,61.2,36307,12102
oc,plsr,ICRAF.ISRIC,3700,C3n,25,0.943,0.04,4.1445,0.0,0.916,0.9687,0.5122,0.8927,0.8987,61.2,36307,12102
oc,plsr,ICRAF.ISRIC,3700,C2,50,0.8927,0.0427,6.6884,0.0,0.9145,0.8718,0.5122,0.8927,0.8987,61.2,36307,12102
oc,plsr,ICRAF.ISRIC,3700,C3,50,0.9027,0.0447,3.1828,0.0,0.8407,0.9619,0.5122,0.8927,0.8987,61.2,36307,12102
oc,plsr,ICRAF.ISRIC,3700,C3n,50,0.9085,0.041,3.3821,0.0,0.8763,0.9393,0.5122,0.8927,0.8987,61.2,36307,12102
oc,plsr,ICRAF.ISRIC,3700,C2,100,0.8938,0.0306,6.8003,0.0,0.9162,0.8725,0.5122,0.8927,0.8987,61.2,36307,12102
oc,plsr,ICRAF.ISRIC,3700,C3,100,0.8982,0.0282,2.8469,0.0,0.8272,0.966,0.5122,0.8927,0.8987,61.2,36307,12102
oc,plsr,ICRAF.ISRIC,3700,C3n,100,0.9016,0.0272,3.0822,0.0,0.8658,0.9359,0.5122,0.8927,0.8987,61.2,36307,12102
oc,hgb,ICRAF.ISRIC,3700,C0,0,0.7531,0.001,1.7905,0.0,0.7148,0.7895,0.5122,0.8972,0.9041,61.2,36307,12102
oc,hgb,ICRAF.ISRIC,3700,C0n,0,0.8544,0.0009,2.1215,0.0,0.8414,0.8668,0.5122,0.8972,0.9041,61.2,36307,12102
oc,hgb,ICRAF.ISRIC,3700,C1,0,0.8772,0.001,2.6164,0.0,0.8479,0.9051,0.5122,0.8972,0.9041,61.2,36307,12102
oc,hgb,ICRAF.ISRIC,3700,C0w,0,0.8778,0.001,2.6164,0.0,0.849,0.9051,0.5122,0.8972,0.9041,61.2,36307,12102
oc,hgb,ICRAF.ISRIC,3700,C2,10,0.9544,0.0334,4.21,0.0,0.9453,0.9631,0.5122,0.8972,0.9041,61.2,36307,12102
oc,hgb,ICRAF.ISRIC,3700,C3,10,0.9527,0.0705,4.7086,0.0,0.9179,0.9857,0.5122,0.8972,0.9041,61.2,36307,12102
oc,hgb,ICRAF.ISRIC,3700,C3n,10,0.9526,0.0472,3.6486,0.0,0.9225,0.9812,0.5122,0.8972,0.9041,61.2,36307,12102
oc,hgb,ICRAF.ISRIC,3700,C2,25,0.9526,0.0253,3.9935,0.0,0.9424,0.9623,0.5122,0.8972,0.9041,61.2,36307,12102
oc,hgb,ICRAF.ISRIC,3700,C3,25,0.9434,0.0347,3.3142,0.0,0.905,0.9799,0.5122,0.8972,0.9041,61.2,36307,12102
oc,hgb,ICRAF.ISRIC,3700,C3n,25,0.9282,0.0368,2.5383,0.0,0.8835,0.9707,0.5122,0.8972,0.9041,61.2,36307,12102
oc,hgb,ICRAF.ISRIC,3700,C2,50,0.928,0.0269,3.3076,0.0,0.9117,0.9436,0.5122,0.8972,0.9041,61.2,36307,12102
oc,hgb,ICRAF.ISRIC,3700,C3,50,0.9201,0.0328,2.8869,0.0,0.8675,0.9702,0.5122,0.8972,0.9041,61.2,36307,12102
oc,hgb,ICRAF.ISRIC,3700,C3n,50,0.9013,0.0305,2.2459,0.0,0.8481,0.952,0.5122,0.8972,0.9041,61.2,36307,12102
oc,hgb,ICRAF.ISRIC,3700,C2,100,0.9184,0.0279,3.1199,0.0,0.9005,0.9354,0.5122,0.8972,0.9041,61.2,36307,12102
oc,hgb,ICRAF.ISRIC,3700,C3,100,0.9155,0.03,2.6543,0.0,0.8617,0.9667,0.5122,0.8972,0.9041,61.2,36307,12102
oc,hgb,ICRAF.ISRIC,3700,C3n,100,0.9038,0.0293,2.2007,0.0,0.8499,0.9551,0.5122,0.8972,0.9041,61.2,36307,12102
oc,plsr,LUCAS.WOODWELL.SSL,589,C0,0,0.8876,0.0076,1.3508,0.0,0.8928,0.8393,0.0968,0.9029,0.8983,58.9,38174,12724
oc,plsr,LUCAS.WOODWELL.SSL,589,C0n,0,0.8633,0.0058,1.1166,0.0,0.86,0.894,0.0968,0.9029,0.8983,58.9,38174,12724
oc,plsr,LUCAS.WOODWELL.SSL,589,C1,0,0.9981,0.0004,2.8552,0.0,1.0,0.9798,0.0968,0.9029,0.8983,58.9,38174,12724
oc,plsr,LUCAS.WOODWELL.SSL,589,C0w,0,0.9981,0.0004,2.8552,0.0,1.0,0.9798,0.0968,0.9029,0.8983,58.9,38174,12724
oc,plsr,LUCAS.WOODWELL.SSL,589,C2,10,0.919,0.0745,1.6089,0.0,0.924,0.8728,0.0968,0.9029,0.8983,58.9,38174,12724
oc,plsr,LUCAS.WOODWELL.SSL,589,C3,10,0.8924,0.0927,1.6578,0.0,0.9143,0.6878,0.0968,0.9029,0.8983,58.9,38174,12724
oc,plsr,LUCAS.WOODWELL.SSL,589,C3n,10,0.917,0.0872,1.6086,0.0,0.9345,0.7528,0.0968,0.9029,0.8983,58.9,38174,12724
oc,plsr,LUCAS.WOODWELL.SSL,589,C2,25,0.9322,0.042,1.5826,0.0,0.9368,0.8895,0.0968,0.9029,0.8983,58.9,38174,12724
oc,plsr,LUCAS.WOODWELL.SSL,589,C3,25,0.9252,0.0666,1.7855,0.0,0.9422,0.7704,0.0968,0.9029,0.8983,58.9,38174,12724
oc,plsr,LUCAS.WOODWELL.SSL,589,C3n,25,0.9286,0.0596,1.4938,0.0,0.9433,0.7963,0.0968,0.9029,0.8983,58.9,38174,12724
oc,plsr,LUCAS.WOODWELL.SSL,589,C2,50,0.8989,0.0414,1.417,0.0,0.9048,0.8434,0.0968,0.9029,0.8983,58.9,38174,12724
oc,plsr,LUCAS.WOODWELL.SSL,589,C3,50,0.8874,0.0376,1.4167,0.0,0.907,0.7089,0.0968,0.9029,0.8983,58.9,38174,12724
oc,plsr,LUCAS.WOODWELL.SSL,589,C3n,50,0.9005,0.0477,1.2014,0.0,0.9122,0.7949,0.0968,0.9029,0.8983,58.9,38174,12724
oc,plsr,LUCAS.WOODWELL.SSL,589,C2,100,0.8985,0.0411,1.4886,0.0,0.9047,0.8407,0.0968,0.9029,0.8983,58.9,38174,12724
oc,plsr,LUCAS.WOODWELL.SSL,589,C3,100,0.897,0.0382,1.4694,0.0,0.9105,0.7728,0.0968,0.9029,0.8983,58.9,38174,12724
oc,plsr,LUCAS.WOODWELL.SSL,589,C3n,100,0.9104,0.0303,1.1983,0.0,0.9164,0.8552,0.0968,0.9029,0.8983,58.9,38174,12724
oc,hgb,LUCAS.WOODWELL.SSL,589,C0,0,0.8749,0.0042,1.1371,0.0,0.8732,0.8921,0.0968,0.9,0.8999,58.9,38174,12724
oc,hgb,LUCAS.WOODWELL.SSL,589,C0n,0,0.8697,0.0057,1.0721,0.0,0.8764,0.8078,0.0968,0.9,0.8999,58.9,38174,12724
oc,hgb,LUCAS.WOODWELL.SSL,589,C1,0,0.898,0.0039,1.2021,0.0,0.8967,0.91,0.0968,0.9,0.8999,58.9,38174,12724
oc,hgb,LUCAS.WOODWELL.SSL,589,C0w,0,0.898,0.0039,1.2021,0.0,0.8967,0.91,0.0968,0.9,0.8999,58.9,38174,12724
oc,hgb,LUCAS.WOODWELL.SSL,589,C2,10,0.9252,0.0718,1.5481,0.0,0.9265,0.9132,0.0968,0.9,0.8999,58.9,38174,12724
oc,hgb,LUCAS.WOODWELL.SSL,589,C3,10,0.9411,0.0489,1.8544,0.0,0.9592,0.779,0.0968,0.9,0.8999,58.9,38174,12724
oc,hgb,LUCAS.WOODWELL.SSL,589,C3n,10,0.935,0.0594,1.7849,0.0,0.9536,0.7675,0.0968,0.9,0.8999,58.9,38174,12724
oc,hgb,LUCAS.WOODWELL.SSL,589,C2,25,0.9455,0.0278,1.5067,0.0,0.9456,0.9454,0.0968,0.9,0.8999,58.9,38174,12724
oc,hgb,LUCAS.WOODWELL.SSL,589,C3,25,0.936,0.0474,1.6012,0.0,0.944,0.8663,0.0968,0.9,0.8999,58.9,38174,12724
oc,hgb,LUCAS.WOODWELL.SSL,589,C3n,25,0.9335,0.046,1.4847,0.0,0.9481,0.8039,0.0968,0.9,0.8999,58.9,38174,12724
oc,hgb,LUCAS.WOODWELL.SSL,589,C2,50,0.9226,0.0339,1.3699,0.0,0.9217,0.9317,0.0968,0.9,0.8999,58.9,38174,12724
oc,hgb,LUCAS.WOODWELL.SSL,589,C3,50,0.9311,0.0287,1.3856,0.0,0.9335,0.9098,0.0968,0.9,0.8999,58.9,38174,12724
oc,hgb,LUCAS.WOODWELL.SSL,589,C3n,50,0.9103,0.046,1.2879,0.0,0.92,0.8208,0.0968,0.9,0.8999,58.9,38174,12724
oc,hgb,LUCAS.WOODWELL.SSL,589,C2,100,0.9119,0.0222,1.2784,0.0,0.9095,0.9341,0.0968,0.9,0.8999,58.9,38174,12724
oc,hgb,LUCAS.WOODWELL.SSL,589,C3,100,0.9108,0.0199,1.3037,0.0,0.9129,0.8929,0.0968,0.9,0.8999,58.9,38174,12724
oc,hgb,LUCAS.WOODWELL.SSL,589,C3n,100,0.8929,0.0335,1.1683,0.0,0.9046,0.7864,0.0968,0.9,0.8999,58.9,38174,12724
n.tot,plsr,LUCAS.SSL,40175,C0,0,0.4886,0.0001,2.2528,0.0,0.4818,0.748,0.0256,0.9049,0.8965,101.4,12238,4079
n.tot,plsr,LUCAS.SSL,40175,C0n,0,0.5681,0.0001,2.267,0.0,0.5601,0.8725,0.0256,0.9049,0.8965,101.4,12238,4079
n.tot,plsr,LUCAS.SSL,40175,C1,0,0.6471,0.0001,3.0277,0.0,0.6418,0.8501,0.0256,0.9049,0.8965,101.4,12238,4079
n.tot,plsr,LUCAS.SSL,40175,C0w,0,0.6476,0.0001,3.0277,0.0,0.6422,0.8501,0.0256,0.9049,0.8965,101.4,12238,4079
n.tot,plsr,LUCAS.SSL,40175,C2,10,0.9288,0.0601,5.1747,0.0,0.9277,0.9705,0.0256,0.9049,0.8965,101.4,12238,4079
n.tot,plsr,LUCAS.SSL,40175,C3,10,0.9383,0.0618,2.9825,0.0,0.9488,0.5388,0.0256,0.9049,0.8965,101.4,12238,4079
n.tot,plsr,LUCAS.SSL,40175,C3n,10,0.9028,0.0719,2.5432,0.0,0.9137,0.4879,0.0256,0.9049,0.8965,101.4,12238,4079
n.tot,plsr,LUCAS.SSL,40175,C2,25,0.9377,0.0292,5.1213,0.0,0.9367,0.9736,0.0256,0.9049,0.8965,101.4,12238,4079
n.tot,plsr,LUCAS.SSL,40175,C3,25,0.9375,0.0448,3.0571,0.0,0.9522,0.376,0.0256,0.9049,0.8965,101.4,12238,4079
n.tot,plsr,LUCAS.SSL,40175,C3n,25,0.9286,0.0492,2.9449,0.0,0.9389,0.5363,0.0256,0.9049,0.8965,101.4,12238,4079
n.tot,plsr,LUCAS.SSL,40175,C2,50,0.9074,0.0254,4.6819,0.0,0.9059,0.9624,0.0256,0.9049,0.8965,101.4,12238,4079
n.tot,plsr,LUCAS.SSL,40175,C3,50,0.9107,0.035,2.3973,0.0,0.9279,0.2584,0.0256,0.9049,0.8965,101.4,12238,4079
n.tot,plsr,LUCAS.SSL,40175,C3n,50,0.912,0.0411,2.4281,0.0,0.9243,0.4416,0.0256,0.9049,0.8965,101.4,12238,4079
n.tot,plsr,LUCAS.SSL,40175,C2,100,0.9012,0.0199,4.6603,0.0,0.8996,0.9597,0.0256,0.9049,0.8965,101.4,12238,4079
n.tot,plsr,LUCAS.SSL,40175,C3,100,0.8996,0.0244,2.2092,0.0,0.9168,0.2433,0.0256,0.9049,0.8965,101.4,12238,4079
n.tot,plsr,LUCAS.SSL,40175,C3n,100,0.9086,0.0254,2.3303,0.0,0.9217,0.4099,0.0256,0.9049,0.8965,101.4,12238,4079
n.tot,hgb,LUCAS.SSL,40175,C0,0,0.8544,0.0001,1.8094,0.0,0.8587,0.6876,0.0256,0.899,0.9004,101.4,12238,4079
n.tot,hgb,LUCAS.SSL,40175,C0n,0,0.8878,0.0001,1.8972,0.0,0.887,0.9163,0.0256,0.899,0.9004,101.4,12238,4079
n.tot,hgb,LUCAS.SSL,40175,C1,0,0.9241,0.0001,2.4551,0.0,0.9259,0.8559,0.0256,0.899,0.9004,101.4,12238,4079
n.tot,hgb,LUCAS.SSL,40175,C0w,0,0.9242,0.0001,2.4551,0.0,0.926,0.8568,0.0256,0.899,0.9004,101.4,12238,4079
n.tot,hgb,LUCAS.SSL,40175,C2,10,0.8884,0.1019,2.2496,0.0,0.8913,0.7814,0.0256,0.899,0.9004,101.4,12238,4079
n.tot,hgb,LUCAS.SSL,40175,C3,10,0.8853,0.0762,1.9502,0.0,0.8975,0.4198,0.0256,0.899,0.9004,101.4,12238,4079
n.tot,hgb,LUCAS.SSL,40175,C3n,10,0.892,0.0995,2.2404,0.0,0.8999,0.5919,0.0256,0.899,0.9004,101.4,12238,4079
n.tot,hgb,LUCAS.SSL,40175,C2,25,0.9198,0.0538,2.3729,0.0,0.922,0.838,0.0256,0.899,0.9004,101.4,12238,4079
n.tot,hgb,LUCAS.SSL,40175,C3,25,0.9144,0.0578,2.3754,0.0,0.927,0.4352,0.0256,0.899,0.9004,101.4,12238,4079
n.tot,hgb,LUCAS.SSL,40175,C3n,25,0.9094,0.0617,2.1559,0.0,0.9156,0.6727,0.0256,0.899,0.9004,101.4,12238,4079
n.tot,hgb,LUCAS.SSL,40175,C2,50,0.8998,0.0358,2.207,0.0,0.9026,0.7917,0.0256,0.899,0.9004,101.4,12238,4079
n.tot,hgb,LUCAS.SSL,40175,C3,50,0.8787,0.0505,1.8787,0.0,0.8936,0.3118,0.0256,0.899,0.9004,101.4,12238,4079
n.tot,hgb,LUCAS.SSL,40175,C3n,50,0.8872,0.0584,1.8287,0.0,0.893,0.6649,0.0256,0.899,0.9004,101.4,12238,4079
n.tot,hgb,LUCAS.SSL,40175,C2,100,0.9,0.0294,2.2057,0.0,0.9029,0.7914,0.0256,0.899,0.9004,101.4,12238,4079
n.tot,hgb,LUCAS.SSL,40175,C3,100,0.8918,0.0329,1.8763,0.0,0.9069,0.3145,0.0256,0.899,0.9004,101.4,12238,4079
n.tot,hgb,LUCAS.SSL,40175,C3n,100,0.8844,0.0404,1.7836,0.0,0.8905,0.6493,0.0256,0.899,0.9004,101.4,12238,4079
n.tot,plsr,KSSL.SSL,19806,C0,0,0.0024,0.0,0.7407,0.0,0.0021,0.0027,0.5682,0.9014,0.8928,3.5,24460,8152
n.tot,plsr,KSSL.SSL,19806,C0n,0,0.0126,0.0001,0.9471,0.0,0.0068,0.017,0.5682,0.9014,0.8928,3.5,24460,8152
n.tot,plsr,KSSL.SSL,19806,C1,0,0.9996,0.0,0.9117,0.9994,0.9999,0.9994,0.5682,0.9014,0.8928,3.5,24460,8152
n.tot,plsr,KSSL.SSL,19806,C0w,0,0.0038,0.0006,0.9117,0.0,0.003,0.0044,0.5682,0.9014,0.8928,3.5,24460,8152
n.tot,plsr,KSSL.SSL,19806,C2,10,0.9324,0.0539,6.2143,0.0,0.9548,0.9155,0.5682,0.9014,0.8928,3.5,24460,8152
n.tot,plsr,KSSL.SSL,19806,C3,10,0.9153,0.0987,2.4853,0.0,0.9638,0.8785,0.5682,0.9014,0.8928,3.5,24460,8152
n.tot,plsr,KSSL.SSL,19806,C3n,10,0.8998,0.0891,2.0863,0.0,0.9127,0.8899,0.5682,0.9014,0.8928,3.5,24460,8152
n.tot,plsr,KSSL.SSL,19806,C2,25,0.9092,0.0507,5.8979,0.0,0.9371,0.888,0.5682,0.9014,0.8928,3.5,24460,8152
n.tot,plsr,KSSL.SSL,19806,C3,25,0.9237,0.0531,2.0629,0.0,0.9692,0.8892,0.5682,0.9014,0.8928,3.5,24460,8152
n.tot,plsr,KSSL.SSL,19806,C3n,25,0.9253,0.0512,1.9369,0.0,0.9355,0.9174,0.5682,0.9014,0.8928,3.5,24460,8152
n.tot,plsr,KSSL.SSL,19806,C2,50,0.8924,0.0455,5.7396,0.0,0.9239,0.8685,0.5682,0.9014,0.8928,3.5,24460,8152
n.tot,plsr,KSSL.SSL,19806,C3,50,0.8964,0.0455,1.6174,0.0,0.9513,0.8546,0.5682,0.9014,0.8928,3.5,24460,8152
n.tot,plsr,KSSL.SSL,19806,C3n,50,0.9028,0.0518,1.8293,0.0,0.91,0.8973,0.5682,0.9014,0.8928,3.5,24460,8152
n.tot,plsr,KSSL.SSL,19806,C2,100,0.892,0.0339,5.6082,0.0,0.9243,0.8675,0.5682,0.9014,0.8928,3.5,24460,8152
n.tot,plsr,KSSL.SSL,19806,C3,100,0.901,0.0287,1.5985,0.0,0.9549,0.86,0.5682,0.9014,0.8928,3.5,24460,8152
n.tot,plsr,KSSL.SSL,19806,C3n,100,0.8989,0.0303,1.6754,0.0,0.9063,0.8933,0.5682,0.9014,0.8928,3.5,24460,8152
n.tot,hgb,KSSL.SSL,19806,C0,0,0.6186,0.0002,0.5814,0.0,0.8134,0.4706,0.5682,0.8994,0.8938,3.5,24460,8152
n.tot,hgb,KSSL.SSL,19806,C0n,0,0.6796,0.0002,0.6521,0.0,0.8406,0.5572,0.5682,0.8994,0.8938,3.5,24460,8152
n.tot,hgb,KSSL.SSL,19806,C1,0,0.9998,0.0,1.2528,0.9994,1.0,0.9997,0.5682,0.8994,0.8938,3.5,24460,8152
n.tot,hgb,KSSL.SSL,19806,C0w,0,0.7724,0.0002,1.2528,0.0,0.9734,0.6197,0.5682,0.8994,0.8938,3.5,24460,8152
n.tot,hgb,KSSL.SSL,19806,C2,10,0.9261,0.0729,3.4013,0.0,0.9936,0.8748,0.5682,0.8994,0.8938,3.5,24460,8152
n.tot,hgb,KSSL.SSL,19806,C3,10,0.9193,0.0813,3.179,0.0,0.9852,0.8692,0.5682,0.8994,0.8938,3.5,24460,8152
n.tot,hgb,KSSL.SSL,19806,C3n,10,0.8993,0.0861,1.5537,0.0,0.9521,0.8591,0.5682,0.8994,0.8938,3.5,24460,8152
n.tot,hgb,KSSL.SSL,19806,C2,25,0.9337,0.0543,3.5363,0.0,0.9985,0.8844,0.5682,0.8994,0.8938,3.5,24460,8152
n.tot,hgb,KSSL.SSL,19806,C3,25,0.9316,0.0479,3.0223,0.0,0.9935,0.8846,0.5682,0.8994,0.8938,3.5,24460,8152
n.tot,hgb,KSSL.SSL,19806,C3n,25,0.9309,0.053,1.6504,0.0,0.9826,0.8916,0.5682,0.8994,0.8938,3.5,24460,8152
n.tot,hgb,KSSL.SSL,19806,C2,50,0.9176,0.0383,2.8881,0.0,0.9994,0.8554,0.5682,0.8994,0.8938,3.5,24460,8152
n.tot,hgb,KSSL.SSL,19806,C3,50,0.9153,0.0433,2.2641,0.0,0.9919,0.8571,0.5682,0.8994,0.8938,3.5,24460,8152
n.tot,hgb,KSSL.SSL,19806,C3n,50,0.9011,0.058,1.4529,0.0,0.9759,0.8443,0.5682,0.8994,0.8938,3.5,24460,8152
n.tot,hgb,KSSL.SSL,19806,C2,100,0.8984,0.0251,2.5355,0.0,0.9992,0.8218,0.5682,0.8994,0.8938,3.5,24460,8152
n.tot,hgb,KSSL.SSL,19806,C3,100,0.9005,0.0276,1.9258,0.0,0.9914,0.8314,0.5682,0.8994,0.8938,3.5,24460,8152
n.tot,hgb,KSSL.SSL,19806,C3n,100,0.9039,0.0329,1.3331,0.0,0.9796,0.8464,0.5682,0.8994,0.8938,3.5,24460,8152
n.tot,plsr,LUCAS.WOODWELL.SSL,589,C0,0,0.8666,0.0071,1.4405,0.0,0.9045,0.6441,0.146,0.895,0.9016,668.7,35989,11996
n.tot,plsr,LUCAS.WOODWELL.SSL,589,C0n,0,0.9065,0.0046,1.1777,0.0,0.9046,0.918,0.146,0.895,0.9016,668.7,35989,11996
n.tot,plsr,LUCAS.WOODWELL.SSL,589,C1,0,0.9018,0.0062,1.6058,0.0,0.9333,0.7171,0.146,0.895,0.9016,668.7,35989,11996
n.tot,plsr,LUCAS.WOODWELL.SSL,589,C0w,0,0.9018,0.0062,1.6058,0.0,0.9333,0.7171,0.146,0.895,0.9016,668.7,35989,11996
n.tot,plsr,LUCAS.WOODWELL.SSL,589,C2,10,0.9328,0.0654,2.1681,0.0,0.9579,0.7857,0.146,0.895,0.9016,668.7,35989,11996
n.tot,plsr,LUCAS.WOODWELL.SSL,589,C3,10,0.9224,0.0817,2.6286,0.0,0.9524,0.7498,0.146,0.895,0.9016,668.7,35989,11996
n.tot,plsr,LUCAS.WOODWELL.SSL,589,C3n,10,0.9181,0.0958,1.5188,0.0,0.9316,0.8413,0.146,0.895,0.9016,668.7,35989,11996
n.tot,plsr,LUCAS.WOODWELL.SSL,589,C2,25,0.9288,0.0608,2.0587,0.0,0.955,0.776,0.146,0.895,0.9016,668.7,35989,11996
n.tot,plsr,LUCAS.WOODWELL.SSL,589,C3,25,0.9267,0.0468,2.0068,0.0,0.9572,0.7487,0.146,0.895,0.9016,668.7,35989,11996
n.tot,plsr,LUCAS.WOODWELL.SSL,589,C3n,25,0.9436,0.0322,1.4452,0.0,0.9514,0.8978,0.146,0.895,0.9016,668.7,35989,11996
n.tot,plsr,LUCAS.WOODWELL.SSL,589,C2,50,0.9044,0.0432,1.6707,0.0,0.9372,0.7123,0.146,0.895,0.9016,668.7,35989,11996
n.tot,plsr,LUCAS.WOODWELL.SSL,589,C3,50,0.9028,0.0429,1.6371,0.0,0.9379,0.697,0.146,0.895,0.9016,668.7,35989,11996
n.tot,plsr,LUCAS.WOODWELL.SSL,589,C3n,50,0.9194,0.031,1.2402,0.0,0.9266,0.878,0.146,0.895,0.9016,668.7,35989,11996
n.tot,plsr,LUCAS.WOODWELL.SSL,589,C2,100,0.8968,0.0376,1.5929,0.0,0.9306,0.6987,0.146,0.895,0.9016,668.7,35989,11996
n.tot,plsr,LUCAS.WOODWELL.SSL,589,C3,100,0.897,0.0385,1.5948,0.0,0.9371,0.6634,0.146,0.895,0.9016,668.7,35989,11996
n.tot,plsr,LUCAS.WOODWELL.SSL,589,C3n,100,0.9084,0.0297,1.1288,0.0,0.9176,0.8547,0.146,0.895,0.9016,668.7,35989,11996
n.tot,hgb,LUCAS.WOODWELL.SSL,589,C0,0,0.9038,0.0045,1.1545,0.0,0.9287,0.7554,0.146,0.8971,0.9026,668.7,35989,11996
n.tot,hgb,LUCAS.WOODWELL.SSL,589,C0n,0,0.899,0.0042,0.7245,0.0,0.9042,0.8678,0.146,0.8971,0.9026,668.7,35989,11996
n.tot,hgb,LUCAS.WOODWELL.SSL,589,C1,0,0.8585,0.0062,0.9426,0.0,0.8873,0.6869,0.146,0.8971,0.9026,668.7,35989,11996
n.tot,hgb,LUCAS.WOODWELL.SSL,589,C0w,0,0.8585,0.0062,0.9426,0.0,0.8873,0.6869,0.146,0.8971,0.9026,668.7,35989,11996
n.tot,hgb,LUCAS.WOODWELL.SSL,589,C2,10,0.913,0.0723,1.32,0.0,0.935,0.7824,0.146,0.8971,0.9026,668.7,35989,11996
n.tot,hgb,LUCAS.WOODWELL.SSL,589,C3,10,0.9268,0.0574,1.7092,0.0,0.9559,0.7495,0.146,0.8971,0.9026,668.7,35989,11996
n.tot,hgb,LUCAS.WOODWELL.SSL,589,C3n,10,0.9131,0.0743,0.9293,0.0,0.9206,0.8663,0.146,0.8971,0.9026,668.7,35989,11996
n.tot,hgb,LUCAS.WOODWELL.SSL,589,C2,25,0.931,0.0382,1.3565,0.0,0.953,0.8005,0.146,0.8971,0.9026,668.7,35989,11996
n.tot,hgb,LUCAS.WOODWELL.SSL,589,C3,25,0.9381,0.0411,1.7582,0.0,0.9669,0.7661,0.146,0.8971,0.9026,668.7,35989,11996
n.tot,hgb,LUCAS.WOODWELL.SSL,589,C3n,25,0.9084,0.0627,0.8803,0.0,0.9151,0.869,0.146,0.8971,0.9026,668.7,35989,11996
n.tot,hgb,LUCAS.WOODWELL.SSL,589,C2,50,0.9209,0.0309,1.2875,0.0,0.945,0.7773,0.146,0.8971,0.9026,668.7,35989,11996
n.tot,hgb,LUCAS.WOODWELL.SSL,589,C3,50,0.9197,0.0266,1.2477,0.0,0.9499,0.7388,0.146,0.8971,0.9026,668.7,35989,11996
n.tot,hgb,LUCAS.WOODWELL.SSL,589,C3n,50,0.8905,0.054,0.8151,0.0,0.8922,0.8798,0.146,0.8971,0.9026,668.7,35989,11996
n.tot,hgb,LUCAS.WOODWELL.SSL,589,C2,100,0.9155,0.022,1.2366,0.0,0.9414,0.7616,0.146,0.8971,0.9026,668.7,35989,11996
n.tot,hgb,LUCAS.WOODWELL.SSL,589,C3,100,0.9168,0.0244,1.2543,0.0,0.9442,0.7537,0.146,0.8971,0.9026,668.7,35989,11996
n.tot,hgb,LUCAS.WOODWELL.SSL,589,C3n,100,0.8992,0.0252,0.7512,0.0,0.8988,0.9011,0.146,0.8971,0.9026,668.7,35989,11996
ph.h2o,plsr,LUCAS.SSL,40175,C0,0,0.8884,0.0001,1.9316,0.0,0.9275,0.7232,0.1912,0.9138,0.9342,99.2,2650,883
ph.h2o,plsr,LUCAS.SSL,40175,C0n,0,0.9132,0.0001,2.2294,0.0,0.9204,0.8827,0.1912,0.9138,0.9342,99.2,2650,883
ph.h2o,plsr,LUCAS.SSL,40175,C1,0,0.9385,0.0001,2.2487,0.0,0.963,0.8349,0.1912,0.9138,0.9342,99.2,2650,883
ph.h2o,plsr,LUCAS.SSL,40175,C0w,0,0.9385,0.0001,2.2487,0.0,0.963,0.8349,0.1912,0.9138,0.9342,99.2,2650,883
ph.h2o,plsr,LUCAS.SSL,40175,C2,10,0.917,0.0733,2.288,0.0,0.9432,0.8058,0.1912,0.9138,0.9342,99.2,2650,883
ph.h2o,plsr,LUCAS.SSL,40175,C3,10,0.935,0.0511,2.4061,0.0,0.9515,0.8655,0.1912,0.9138,0.9342,99.2,2650,883
ph.h2o,plsr,LUCAS.SSL,40175,C3n,10,0.9437,0.0592,3.8086,0.0,0.9454,0.9367,0.1912,0.9138,0.9342,99.2,2650,883
ph.h2o,plsr,LUCAS.SSL,40175,C2,25,0.9305,0.0482,2.3222,0.0,0.9553,0.8259,0.1912,0.9138,0.9342,99.2,2650,883
ph.h2o,plsr,LUCAS.SSL,40175,C3,25,0.9265,0.0408,2.1649,0.0,0.9471,0.8393,0.1912,0.9138,0.9342,99.2,2650,883
ph.h2o,plsr,LUCAS.SSL,40175,C3n,25,0.93,0.0469,2.8742,0.0,0.9317,0.9225,0.1912,0.9138,0.9342,99.2,2650,883
ph.h2o,plsr,LUCAS.SSL,40175,C2,50,0.9101,0.0362,2.1294,0.0,0.9419,0.7753,0.1912,0.9138,0.9342,99.2,2650,883
ph.h2o,plsr,LUCAS.SSL,40175,C3,50,0.9035,0.0348,1.9494,0.0,0.9265,0.8064,0.1912,0.9138,0.9342,99.2,2650,883
ph.h2o,plsr,LUCAS.SSL,40175,C3n,50,0.9107,0.0406,2.3713,0.0,0.9133,0.8997,0.1912,0.9138,0.9342,99.2,2650,883
ph.h2o,plsr,LUCAS.SSL,40175,C2,100,0.9071,0.0232,2.0401,0.0,0.9404,0.7664,0.1912,0.9138,0.9342,99.2,2650,883
ph.h2o,plsr,LUCAS.SSL,40175,C3,100,0.9064,0.0195,1.9591,0.0,0.9296,0.8082,0.1912,0.9138,0.9342,99.2,2650,883
ph.h2o,plsr,LUCAS.SSL,40175,C3n,100,0.9027,0.0297,2.1456,0.0,0.9055,0.8908,0.1912,0.9138,0.9342,99.2,2650,883
ph.h2o,hgb,LUCAS.SSL,40175,C0,0,0.8594,0.0001,1.8088,0.0,0.8935,0.7153,0.1912,0.932,0.9274,99.2,2650,883
ph.h2o,hgb,LUCAS.SSL,40175,C0n,0,0.9047,0.0001,2.3101,0.0,0.9162,0.856,0.1912,0.932,0.9274,99.2,2650,883
ph.h2o,hgb,LUCAS.SSL,40175,C1,0,0.8634,0.0001,1.8272,0.0,0.8973,0.7204,0.1912,0.932,0.9274,99.2,2650,883
ph.h2o,hgb,LUCAS.SSL,40175,C0w,0,0.8634,0.0001,1.8272,0.0,0.8973,0.7204,0.1912,0.932,0.9274,99.2,2650,883
ph.h2o,hgb,LUCAS.SSL,40175,C2,10,0.8939,0.0906,2.1282,0.0,0.9178,0.7927,0.1912,0.932,0.9274,99.2,2650,883
ph.h2o,hgb,LUCAS.SSL,40175,C3,10,0.9008,0.0887,2.4107,0.0,0.9124,0.8518,0.1912,0.932,0.9274,99.2,2650,883
ph.h2o,hgb,LUCAS.SSL,40175,C3n,10,0.9214,0.0692,3.0336,0.0,0.9247,0.9072,0.1912,0.932,0.9274,99.2,2650,883
ph.h2o,hgb,LUCAS.SSL,40175,C2,25,0.9274,0.0377,2.2453,0.0,0.9489,0.8367,0.1912,0.932,0.9274,99.2,2650,883
ph.h2o,hgb,LUCAS.SSL,40175,C3,25,0.9218,0.0386,2.2227,0.0,0.9373,0.8561,0.1912,0.932,0.9274,99.2,2650,883
ph.h2o,hgb,LUCAS.SSL,40175,C3n,25,0.9323,0.0421,2.7939,0.0,0.9352,0.92,0.1912,0.932,0.9274,99.2,2650,883
ph.h2o,hgb,LUCAS.SSL,40175,C2,50,0.9062,0.0362,2.062,0.0,0.932,0.7968,0.1912,0.932,0.9274,99.2,2650,883
ph.h2o,hgb,LUCAS.SSL,40175,C3,50,0.9048,0.039,2.0943,0.0,0.9203,0.8391,0.1912,0.932,0.9274,99.2,2650,883
ph.h2o,hgb,LUCAS.SSL,40175,C3n,50,0.919,0.0371,2.5736,0.0,0.9232,0.9009,0.1912,0.932,0.9274,99.2,2650,883
ph.h2o,hgb,LUCAS.SSL,40175,C2,100,0.9096,0.0302,2.0584,0.0,0.935,0.8022,0.1912,0.932,0.9274,99.2,2650,883
ph.h2o,hgb,LUCAS.SSL,40175,C3,100,0.9101,0.025,2.0686,0.0,0.9276,0.8361,0.1912,0.932,0.9274,99.2,2650,883
ph.h2o,hgb,LUCAS.SSL,40175,C3n,100,0.9152,0.0308,2.4642,0.0,0.9203,0.8936,0.1912,0.932,0.9274,99.2,2650,883
ph.h2o,plsr,ICRAF.ISRIC,3776,C0,0,0.1794,0.001,1.1099,0.0,0.179,0.181,0.2092,0.8954,0.8919,58.7,24490,8162
ph.h2o,plsr,ICRAF.ISRIC,3776,C0n,0,0.3602,0.0013,2.3811,0.0,0.3559,0.3762,0.2092,0.8954,0.8919,58.7,24490,8162
ph.h2o,plsr,ICRAF.ISRIC,3776,C1,0,0.9955,0.0002,1.4906,0.9923,0.9964,0.9925,0.2092,0.8954,0.8919,58.7,24490,8162
ph.h2o,plsr,ICRAF.ISRIC,3776,C0w,0,0.2395,0.005,1.4906,0.0,0.2379,0.2456,0.2092,0.8954,0.8919,58.7,24490,8162
ph.h2o,plsr,ICRAF.ISRIC,3776,C2,10,0.9237,0.0654,12.2534,0.0,0.9212,0.9332,0.2092,0.8954,0.8919,58.7,24490,8162
ph.h2o,plsr,ICRAF.ISRIC,3776,C3,10,0.8877,0.1029,3.7994,0.0,0.961,0.6109,0.2092,0.8954,0.8919,58.7,24490,8162
ph.h2o,plsr,ICRAF.ISRIC,3776,C3n,10,0.8962,0.1075,4.1362,0.0,0.951,0.6891,0.2092,0.8954,0.8919,58.7,24490,8162
ph.h2o,plsr,ICRAF.ISRIC,3776,C2,25,0.9344,0.0397,12.3541,0.0,0.9313,0.9459,0.2092,0.8954,0.8919,58.7,24490,8162
ph.h2o,plsr,ICRAF.ISRIC,3776,C3,25,0.9459,0.0364,3.8035,0.0,0.9963,0.7557,0.2092,0.8954,0.8919,58.7,24490,8162
ph.h2o,plsr,ICRAF.ISRIC,3776,C3n,25,0.9331,0.0401,3.9556,0.0,0.9813,0.751,0.2092,0.8954,0.8919,58.7,24490,8162
ph.h2o,plsr,ICRAF.ISRIC,3776,C2,50,0.9104,0.039,10.3282,0.0,0.9067,0.9246,0.2092,0.8954,0.8919,58.7,24490,8162
ph.h2o,plsr,ICRAF.ISRIC,3776,C3,50,0.9027,0.0398,3.1744,0.0,0.9886,0.5786,0.2092,0.8954,0.8919,58.7,24490,8162
ph.h2o,plsr,ICRAF.ISRIC,3776,C3n,50,0.8965,0.0401,3.3851,0.0,0.9657,0.6348,0.2092,0.8954,0.8919,58.7,24490,8162
ph.h2o,plsr,ICRAF.ISRIC,3776,C2,100,0.9103,0.0209,10.1718,0.0,0.9062,0.9258,0.2092,0.8954,0.8919,58.7,24490,8162
ph.h2o,plsr,ICRAF.ISRIC,3776,C3,100,0.9014,0.0268,3.1551,0.0,0.9959,0.5446,0.2092,0.8954,0.8919,58.7,24490,8162
ph.h2o,plsr,ICRAF.ISRIC,3776,C3n,100,0.8991,0.0276,3.383,0.0,0.9711,0.6274,0.2092,0.8954,0.8919,58.7,24490,8162
ph.h2o,hgb,ICRAF.ISRIC,3776,C0,0,0.4639,0.0014,1.2014,0.0,0.5482,0.1438,0.2092,0.8922,0.8944,58.7,24490,8162
ph.h2o,hgb,ICRAF.ISRIC,3776,C0n,0,0.7975,0.0009,2.2228,0.0,0.8862,0.4605,0.2092,0.8922,0.8944,58.7,24490,8162
ph.h2o,hgb,ICRAF.ISRIC,3776,C1,0,0.9971,0.0001,1.3876,0.9922,0.9983,0.9924,0.2092,0.8922,0.8944,58.7,24490,8162
ph.h2o,hgb,ICRAF.ISRIC,3776,C0w,0,0.5402,0.0088,1.3876,0.0,0.6315,0.1937,0.2092,0.8922,0.8944,58.7,24490,8162
ph.h2o,hgb,ICRAF.ISRIC,3776,C2,10,0.9036,0.0752,2.9981,0.0,0.9561,0.7039,0.2092,0.8922,0.8944,58.7,24490,8162
ph.h2o,hgb,ICRAF.ISRIC,3776,C3,10,0.9035,0.0961,3.3189,0.0,0.9485,0.7327,0.2092,0.8922,0.8944,58.7,24490,8162
ph.h2o,hgb,ICRAF.ISRIC,3776,C3n,10,0.9099,0.0815,3.4846,0.0,0.9523,0.7491,0.2092,0.8922,0.8944,58.7,24490,8162
ph.h2o,hgb,ICRAF.ISRIC,3776,C2,25,0.9155,0.0538,2.9787,0.0,0.9684,0.7146,0.2092,0.8922,0.8944,58.7,24490,8162
ph.h2o,hgb,ICRAF.ISRIC,3776,C3,25,0.9291,0.0497,3.1309,0.0,0.9763,0.75,0.2092,0.8922,0.8944,58.7,24490,8162
ph.h2o,hgb,ICRAF.ISRIC,3776,C3n,25,0.9282,0.0309,3.3965,0.0,0.9747,0.7519,0.2092,0.8922,0.8944,58.7,24490,8162
ph.h2o,hgb,ICRAF.ISRIC,3776,C2,50,0.8994,0.036,2.7363,0.0,0.9609,0.6659,0.2092,0.8922,0.8944,58.7,24490,8162
ph.h2o,hgb,ICRAF.ISRIC,3776,C3,50,0.9073,0.038,2.8455,0.0,0.9633,0.6945,0.2092,0.8922,0.8944,58.7,24490,8162
ph.h2o,hgb,ICRAF.ISRIC,3776,C3n,50,0.9055,0.029,3.0948,0.0,0.9609,0.6954,0.2092,0.8922,0.8944,58.7,24490,8162
ph.h2o,hgb,ICRAF.ISRIC,3776,C2,100,0.91,0.0235,2.8378,0.0,0.9692,0.6853,0.2092,0.8922,0.8944,58.7,24490,8162
ph.h2o,hgb,ICRAF.ISRIC,3776,C3,100,0.915,0.0195,2.8831,0.0,0.9717,0.7001,0.2092,0.8922,0.8944,58.7,24490,8162
ph.h2o,hgb,ICRAF.ISRIC,3776,C3n,100,0.909,0.0189,2.9781,0.0,0.9648,0.6974,0.2092,0.8922,0.8944,58.7,24490,8162
ph.h2o,plsr,LUCAS.WOODWELL.SSL,589,C0,0,0.8578,0.0073,1.4647,0.0,0.8712,0.7958,0.18,0.9091,0.9061,36.2,26401,8800
ph.h2o,plsr,LUCAS.WOODWELL.SSL,589,C0n,0,0.869,0.0056,1.3772,0.0,0.8751,0.8412,0.18,0.9091,0.9061,36.2,26401,8800
ph.h2o,plsr,LUCAS.WOODWELL.SSL,589,C1,0,0.9915,0.0019,3.3881,0.0,0.992,0.9891,0.18,0.9091,0.9061,36.2,26401,8800
ph.h2o,plsr,LUCAS.WOODWELL.SSL,589,C0w,0,0.9915,0.0019,3.3881,0.0,0.992,0.9891,0.18,0.9091,0.9061,36.2,26401,8800
ph.h2o,plsr,LUCAS.WOODWELL.SSL,589,C2,10,0.8833,0.0996,1.6994,0.0,0.8911,0.8475,0.18,0.9091,0.9061,36.2,26401,8800
ph.h2o,plsr,LUCAS.WOODWELL.SSL,589,C3,10,0.8709,0.1599,2.0334,0.0,0.8781,0.8369,0.18,0.9091,0.9061,36.2,26401,8800
ph.h2o,plsr,LUCAS.WOODWELL.SSL,589,C3n,10,0.9025,0.1373,2.2587,0.0,0.9055,0.888,0.18,0.9091,0.9061,36.2,26401,8800
ph.h2o,plsr,LUCAS.WOODWELL.SSL,589,C2,25,0.8997,0.0745,1.6994,0.0,0.9067,0.8675,0.18,0.9091,0.9061,36.2,26401,8800
ph.h2o,plsr,LUCAS.WOODWELL.SSL,589,C3,25,0.9098,0.0613,1.8417,0.0,0.9212,0.857,0.18,0.9091,0.9061,36.2,26401,8800
ph.h2o,plsr,LUCAS.WOODWELL.SSL,589,C3n,25,0.9261,0.0439,1.9001,0.0,0.9329,0.8948,0.18,0.9091,0.9061,36.2,26401,8800
ph.h2o,plsr,LUCAS.WOODWELL.SSL,589,C2,50,0.8987,0.0421,1.6759,0.0,0.9091,0.8507,0.18,0.9091,0.9061,36.2,26401,8800
ph.h2o,plsr,LUCAS.WOODWELL.SSL,589,C3,50,0.8862,0.0502,1.6412,0.0,0.9044,0.8013,0.18,0.9091,0.9061,36.2,26401,8800
ph.h2o,plsr,LUCAS.WOODWELL.SSL,589,C3n,50,0.9033,0.0494,1.6994,0.0,0.9132,0.8567,0.18,0.9091,0.9061,36.2,26401,8800
ph.h2o,plsr,LUCAS.WOODWELL.SSL,589,C2,100,0.8895,0.028,1.6276,0.0,0.9014,0.8346,0.18,0.9091,0.9061,36.2,26401,8800
ph.h2o,plsr,LUCAS.WOODWELL.SSL,589,C3,100,0.8928,0.0343,1.6241,0.0,0.9127,0.8011,0.18,0.9091,0.9061,36.2,26401,8800
ph.h2o,plsr,LUCAS.WOODWELL.SSL,589,C3n,100,0.9099,0.0332,1.64,0.0,0.9205,0.8615,0.18,0.9091,0.9061,36.2,26401,8800
ph.h2o,hgb,LUCAS.WOODWELL.SSL,589,C0,0,0.865,0.0046,1.3325,0.0,0.8639,0.8703,0.18,0.9014,0.915,36.2,26401,8800
ph.h2o,hgb,LUCAS.WOODWELL.SSL,589,C0n,0,0.8988,0.0071,1.4207,0.0,0.9012,0.8875,0.18,0.9014,0.915,36.2,26401,8800
ph.h2o,hgb,LUCAS.WOODWELL.SSL,589,C1,0,0.9637,0.0031,2.0026,0.0,0.9639,0.9629,0.18,0.9014,0.915,36.2,26401,8800
ph.h2o,hgb,LUCAS.WOODWELL.SSL,589,C0w,0,0.9637,0.0031,2.0026,0.0,0.9639,0.9629,0.18,0.9014,0.915,36.2,26401,8800
ph.h2o,hgb,LUCAS.WOODWELL.SSL,589,C2,10,0.8915,0.0872,1.6054,0.0,0.8909,0.8944,0.18,0.9014,0.915,36.2,26401,8800
ph.h2o,hgb,LUCAS.WOODWELL.SSL,589,C3,10,0.886,0.0961,1.7051,0.0,0.8806,0.9117,0.18,0.9014,0.915,36.2,26401,8800
ph.h2o,hgb,LUCAS.WOODWELL.SSL,589,C3n,10,0.8856,0.1052,1.673,0.0,0.8963,0.8373,0.18,0.9014,0.915,36.2,26401,8800
ph.h2o,hgb,LUCAS.WOODWELL.SSL,589,C2,25,0.9293,0.0451,1.8689,0.0,0.9297,0.9279,0.18,0.9014,0.915,36.2,26401,8800
ph.h2o,hgb,LUCAS.WOODWELL.SSL,589,C3,25,0.9253,0.048,1.7733,0.0,0.9245,0.9288,0.18,0.9014,0.915,36.2,26401,8800
ph.h2o,hgb,LUCAS.WOODWELL.SSL,589,C3n,25,0.9074,0.0674,1.712,0.0,0.9141,0.8772,0.18,0.9014,0.915,36.2,26401,8800
ph.h2o,hgb,LUCAS.WOODWELL.SSL,589,C2,50,0.8907,0.0497,1.5007,0.0,0.8913,0.8876,0.18,0.9014,0.915,36.2,26401,8800
ph.h2o,hgb,LUCAS.WOODWELL.SSL,589,C3,50,0.8867,0.0543,1.5267,0.0,0.886,0.8899,0.18,0.9014,0.915,36.2,26401,8800
ph.h2o,hgb,LUCAS.WOODWELL.SSL,589,C3n,50,0.8887,0.049,1.3641,0.0,0.8944,0.8631,0.18,0.9014,0.915,36.2,26401,8800
ph.h2o,hgb,LUCAS.WOODWELL.SSL,589,C2,100,0.898,0.0286,1.5436,0.0,0.8988,0.8941,0.18,0.9014,0.915,36.2,26401,8800
ph.h2o,hgb,LUCAS.WOODWELL.SSL,589,C3,100,0.8964,0.0304,1.5087,0.0,0.8968,0.8947,0.18,0.9014,0.915,36.2,26401,8800
ph.h2o,hgb,LUCAS.WOODWELL.SSL,589,C3n,100,0.8947,0.033,1.4401,0.0,0.8984,0.8777,0.18,0.9014,0.915,36.2,26401,8800
