prop,model,target,n_target,method,k,coverage,width_sd,cov_source_test,rmse_std_source,rmse_std_target,n_train
clay.tot,cnn,KSSL.SSL,50007,C0,0,0.7955221490481813,2.4801005785159527,0.9080996884735203,0.5523555147669831,0.9634758686188799,3854
clay.tot,cnn,KSSL.SSL,50007,C0n,0,0.9319414696639109,3.370728669056871,0.9080996884735203,0.5523555147669831,0.9634758686188799,3854
clay.tot,cnn,KSSL.SSL,50007,C2,25,0.9170526652921513,3.1395163185108577,0.9080996884735203,0.5523555147669831,0.9634758686188799,3854
clay.tot,cnn,KSSL.SSL,50007,C3n,25,0.930888564165182,3.5528617622538983,0.9080996884735203,0.5523555147669831,0.9634758686188799,3854
clay.tot,cnn,KSSL.SSL,50007,C2,50,0.89551614388374,3.18577663049823,0.9080996884735203,0.5523555147669831,0.9634758686188799,3854
clay.tot,cnn,KSSL.SSL,50007,C3n,50,0.8967071681646216,2.890903221325824,0.9080996884735203,0.5523555147669831,0.9634758686188799,3854
clay.tot,cnn,ICRAF.ISRIC,3738,C0,0,0.5454989154013015,0.7562803043577377,0.883,0.4094990727642736,0.6372160582310058,8000
clay.tot,cnn,ICRAF.ISRIC,3738,C0n,0,0.8975054229934925,2.1017908750910967,0.883,0.4094990727642736,0.6372160582310058,8000
clay.tot,cnn,ICRAF.ISRIC,3738,C2,25,0.9013557483731021,2.473690190162749,0.883,0.4094990727642736,0.6372160582310058,8000
clay.tot,cnn,ICRAF.ISRIC,3738,C3n,25,0.9404555314533622,2.9697381671747767,0.883,0.4094990727642736,0.6372160582310058,8000
clay.tot,cnn,ICRAF.ISRIC,3738,C2,50,0.9030368763557484,2.215319073907312,0.883,0.4094990727642736,0.6372160582310058,8000
clay.tot,cnn,ICRAF.ISRIC,3738,C3n,50,0.8897505422993494,1.8711266975790228,0.883,0.4094990727642736,0.6372160582310058,8000
clay.tot,cnn,AFSIS1.SSL,1896,C0,0,0.4243770314192849,0.9264475615047308,0.9235,0.40374566060775896,0.8149142977723657,8000
clay.tot,cnn,AFSIS1.SSL,1896,C0n,0,0.4059046587215602,0.9510380408891428,0.9235,0.40374566060775896,0.8149142977723657,8000
clay.tot,cnn,AFSIS1.SSL,1896,C2,25,0.901029252437703,2.8815242274767825,0.9235,0.40374566060775896,0.8149142977723657,8000
clay.tot,cnn,AFSIS1.SSL,1896,C3n,25,0.9393282773564463,3.068178311324467,0.9235,0.40374566060775896,0.8149142977723657,8000
clay.tot,cnn,AFSIS1.SSL,1896,C2,50,0.9036836403033586,2.824837062818802,0.9235,0.40374566060775896,0.8149142977723657,8000
clay.tot,cnn,AFSIS1.SSL,1896,C3n,50,0.9092091007583966,2.4498529161610243,0.9235,0.40374566060775896,0.8149142977723657,8000
clay.tot,cnn,CAF.SSL,511,C0,0,0.42364425162689806,0.9550813915016877,0.9055,0.40338026414378797,0.9812420970847273,8000
clay.tot,cnn,CAF.SSL,511,C0n,0,0.6234273318872017,2.030846218241831,0.9055,0.40338026414378797,0.9812420970847273,8000
clay.tot,cnn,CAF.SSL,511,C2,25,0.9234273318872017,3.623057573270022,0.9055,0.40338026414378797,0.9812420970847273,8000
clay.tot,cnn,CAF.SSL,511,C3n,25,0.9167028199566161,3.5486651710586825,0.9055,0.40338026414378797,0.9812420970847273,8000
clay.tot,cnn,CAF.SSL,511,C2,50,0.9101952277657265,3.3968481085425704,0.9055,0.40338026414378797,0.9812420970847273,8000
clay.tot,cnn,CAF.SSL,511,C3n,50,0.8932754880694143,3.1852632909055103,0.9055,0.40338026414378797,0.9812420970847273,8000
clay.tot,cnn,GARRETT.SSL,142,C0,0,0.32282608695652176,0.7201686464809324,0.909,0.360419108703708,1.5577823007860623,8000
clay.tot,cnn,GARRETT.SSL,142,C0n,0,0.3597826086956522,0.7208442115739083,0.909,0.360419108703708,1.5577823007860623,8000
clay.tot,cnn,GARRETT.SSL,142,C2,25,0.9369565217391305,6.6192020191173775,0.909,0.360419108703708,1.5577823007860623,8000
clay.tot,cnn,GARRETT.SSL,142,C3n,25,0.9217391304347826,5.821082454695432,0.909,0.360419108703708,1.5577823007860623,8000
clay.tot,cnn,GARRETT.SSL,142,C2,50,0.906521739130435,6.207124107864283,0.909,0.360419108703708,1.5577823007860623,8000
clay.tot,cnn,GARRETT.SSL,142,C3n,50,0.9032608695652173,5.234031089386711,0.909,0.360419108703708,1.5577823007860623,8000
clay.tot,cnn,SERBIA.SSL,135,C0,0,0.9047058823529411,1.542554337009325,0.9085,0.4344011838003744,0.5107564661809055,8000
clay.tot,cnn,SERBIA.SSL,135,C0n,0,0.8694117647058824,1.6797983923876905,0.9085,0.4344011838003744,0.5107564661809055,8000
clay.tot,cnn,SERBIA.SSL,135,C2,25,0.9447058823529412,1.9134528840185823,0.9085,0.4344011838003744,0.5107564661809055,8000
clay.tot,cnn,SERBIA.SSL,135,C3n,25,0.9235294117647058,2.897728109135923,0.9085,0.4344011838003744,0.5107564661809055,8000
clay.tot,cnn,SERBIA.SSL,135,C2,50,0.9200000000000002,1.6914556564905694,0.9085,0.4344011838003744,0.5107564661809055,8000
clay.tot,cnn,SERBIA.SSL,135,C3n,50,0.9070588235294117,2.6222836464293406,0.9085,0.4344011838003744,0.5107564661809055,8000
oc,cnn,KSSL.SSL,20081,C0,0,0.35543906944236436,0.28002038632703646,0.8852173913043478,0.3137980387247204,0.3773247633058057,3451
oc,cnn,KSSL.SSL,20081,C0n,0,0.7518496330687435,0.5250208004680088,0.8852173913043478,0.3137980387247204,0.3773247633058057,3451
oc,cnn,KSSL.SSL,20081,C2,25,0.9165842943437671,1.3640859487890635,0.8852173913043478,0.3137980387247204,0.3773247633058057,3451
oc,cnn,KSSL.SSL,20081,C3n,25,0.9337576756028156,0.570466205023513,0.8852173913043478,0.3137980387247204,0.3773247633058057,3451
oc,cnn,KSSL.SSL,20081,C2,50,0.8900653986321201,1.2966743579236808,0.8852173913043478,0.3137980387247204,0.3773247633058057,3451
oc,cnn,KSSL.SSL,20081,C3n,50,0.9075732614447606,0.5095793937173287,0.8852173913043478,0.3137980387247204,0.3773247633058057,3451
oc,cnn,ICRAF.ISRIC,3698,C0,0,0.659375,0.7990268257846723,0.893,0.12601221895949719,0.5729386492746187,8000
oc,cnn,ICRAF.ISRIC,3698,C0n,0,0.709265350877193,0.8839076799768608,0.893,0.12601221895949719,0.5729386492746187,8000
oc,cnn,ICRAF.ISRIC,3698,C2,25,0.9002741228070175,1.7757522107322674,0.893,0.12601221895949719,0.5729386492746187,8000
oc,cnn,ICRAF.ISRIC,3698,C3n,25,0.9299616228070177,1.5376111900350702,0.893,0.12601221895949719,0.5729386492746187,8000
oc,cnn,ICRAF.ISRIC,3698,C2,50,0.8907072368421052,1.5672269844478177,0.893,0.12601221895949719,0.5729386492746187,8000
oc,cnn,ICRAF.ISRIC,3698,C3n,50,0.8979714912280702,1.363811892811642,0.893,0.12601221895949719,0.5729386492746187,8000
oc,cnn,AFSIS1.SSL,1902,C0,0,0.8788336933045358,0.9248528346240709,0.882,0.11424354608022108,0.3853829902027207,8000
oc,cnn,AFSIS1.SSL,1902,C0n,0,0.8672786177105831,0.9337620953642642,0.882,0.11424354608022108,0.3853829902027207,8000
oc,cnn,AFSIS1.SSL,1902,C2,25,0.9186285097192226,1.225601088993801,0.882,0.11424354608022108,0.3853829902027207,8000
oc,cnn,AFSIS1.SSL,1902,C3n,25,0.9319114470842333,1.365282776833002,0.882,0.11424354608022108,0.3853829902027207,8000
oc,cnn,AFSIS1.SSL,1902,C2,50,0.8994060475161986,1.037241538785721,0.882,0.11424354608022108,0.3853829902027207,8000
oc,cnn,AFSIS1.SSL,1902,C3n,50,0.8982721382289416,1.1666555530742584,0.882,0.11424354608022108,0.3853829902027207,8000
oc,cnn,AFSIS2.SSL,151,C0,0,0.9287128712871289,1.467021263904164,0.91,0.1162847204431694,0.45111430602798197,8000
oc,cnn,AFSIS2.SSL,151,C0n,0,0.8534653465346536,1.3685933488062316,0.91,0.1162847204431694,0.45111430602798197,8000
oc,cnn,AFSIS2.SSL,151,C2,25,0.9495049504950496,1.993945813305634,0.91,0.1162847204431694,0.45111430602798197,8000
oc,cnn,AFSIS2.SSL,151,C3n,25,0.9326732673267326,1.7827766312471935,0.91,0.1162847204431694,0.45111430602798197,8000
oc,cnn,AFSIS2.SSL,151,C2,50,0.9079207920792081,1.423816850108762,0.91,0.1162847204431694,0.45111430602798197,8000
oc,cnn,AFSIS2.SSL,151,C3n,50,0.8960396039603961,1.4034586265150364,0.91,0.1162847204431694,0.45111430602798197,8000
n.tot,cnn,KSSL.SSL,76594,C0,0,0.59623745819398,0.36988061605603156,0.9196891191709845,0.3912831817263233,0.6123037702968467,2316
n.tot,cnn,KSSL.SSL,76594,C0n,0,0.507753710284281,0.31337398670928984,0.9196891191709845,0.3912831817263233,0.6123037702968467,2316
n.tot,cnn,KSSL.SSL,76594,C2,25,0.9337740384615385,2.8994208839015885,0.9196891191709845,0.3912831817263233,0.6123037702968467,2316
n.tot,cnn,KSSL.SSL,76594,C3n,25,0.9402369878762542,0.9034198869667881,0.9196891191709845,0.3912831817263233,0.6123037702968467,2316
n.tot,cnn,KSSL.SSL,76594,C2,50,0.9106252612876254,2.1137686800984348,0.9196891191709845,0.3912831817263233,0.6123037702968467,2316
n.tot,cnn,KSSL.SSL,76594,C3n,50,0.8988019962374582,0.704021425954414,0.9196891191709845,0.3912831817263233,0.6123037702968467,2316
n.tot,cnn,AFSIS1.SSL,1902,C0,0,0.9245140388768898,2.2777340568868985,0.884,0.2737711039100086,0.6135885117939086,8000
n.tot,cnn,AFSIS1.SSL,1902,C0n,0,0.8250539956803455,1.4662372706374813,0.884,0.2737711039100086,0.6135885117939086,8000
n.tot,cnn,AFSIS1.SSL,1902,C2,25,0.8905507559395248,1.8506119191693895,0.884,0.2737711039100086,0.6135885117939086,8000
n.tot,cnn,AFSIS1.SSL,1902,C3n,25,0.9223002159827214,1.8093625253075285,0.884,0.2737711039100086,0.6135885117939086,8000
n.tot,cnn,AFSIS1.SSL,1902,C2,50,0.8849352051835855,1.813883421320417,0.884,0.2737711039100086,0.6135885117939086,8000
n.tot,cnn,AFSIS1.SSL,1902,C3n,50,0.9039956803455723,1.3832360917299376,0.884,0.2737711039100086,0.6135885117939086,8000
n.tot,cnn,CAF.SSL,1578,C0,0,0.8535994764397905,1.605601318869521,0.9035,0.18335543699233048,0.635264084526877,8000
n.tot,cnn,CAF.SSL,1578,C0n,0,0.775196335078534,1.5204999905227057,0.9035,0.18335543699233048,0.635264084526877,8000
n.tot,cnn,CAF.SSL,1578,C2,25,0.9161649214659686,2.333910809730088,0.9035,0.18335543699233048,0.635264084526877,8000
n.tot,cnn,CAF.SSL,1578,C3n,25,0.8895287958115183,1.474050616237488,0.9035,0.18335543699233048,0.635264084526877,8000
n.tot,cnn,CAF.SSL,1578,C2,50,0.9001308900523559,2.0531789687846915,0.9035,0.18335543699233048,0.635264084526877,8000
n.tot,cnn,CAF.SSL,1578,C3n,50,0.881151832460733,1.4590075104920115,0.9035,0.18335543699233048,0.635264084526877,8000
n.tot,cnn,GARRETT.SSL,184,C0,0,0.8977611940298507,1.499698692205578,0.9035,0.20884467610785562,0.49183344232764764,8000
n.tot,cnn,GARRETT.SSL,184,C0n,0,0.9022388059701493,1.5437226673616011,0.9035,0.20884467610785562,0.49183344232764764,8000
n.tot,cnn,GARRETT.SSL,184,C2,25,0.926865671641791,1.9021119103685562,0.9035,0.20884467610785562,0.49183344232764764,8000
n.tot,cnn,GARRETT.SSL,184,C3n,25,0.9231343283582089,1.3701982350542532,0.9035,0.20884467610785562,0.49183344232764764,8000
n.tot,cnn,GARRETT.SSL,184,C2,50,0.8835820895522387,1.448856473138676,0.9035,0.20884467610785562,0.49183344232764764,8000
n.tot,cnn,GARRETT.SSL,184,C3n,50,0.9059701492537313,1.1409388928588537,0.9035,0.20884467610785562,0.49183344232764764,8000
n.tot,cnn,AFSIS2.SSL,151,C0,0,0.9693069306930692,3.171963085059812,0.9185,0.19432109498614925,0.6555521766233922,8000
n.tot,cnn,AFSIS2.SSL,151,C0n,0,0.9524752475247524,2.6859281421117833,0.9185,0.19432109498614925,0.6555521766233922,8000
n.tot,cnn,AFSIS2.SSL,151,C2,25,0.8851485148514853,2.008660648463951,0.9185,0.19432109498614925,0.6555521766233922,8000
n.tot,cnn,AFSIS2.SSL,151,C3n,25,0.8940594059405939,2.0138253390835237,0.9185,0.19432109498614925,0.6555521766233922,8000
n.tot,cnn,AFSIS2.SSL,151,C2,50,0.8643564356435643,1.8345992807671143,0.9185,0.19432109498614925,0.6555521766233922,8000
n.tot,cnn,AFSIS2.SSL,151,C3n,50,0.8712871287128714,1.507331193737234,0.9185,0.19432109498614925,0.6555521766233922,8000
ph.h2o,cnn,KSSL.SSL,52867,C0,0,0.7694946702766156,1.3065345445284708,0.8623853211009175,0.45310267247147257,0.5742329349978617,3925
ph.h2o,cnn,KSSL.SSL,52867,C0n,0,0.7570838934433989,1.381218445850919,0.8623853211009175,0.45310267247147257,0.5742329349978617,3925
ph.h2o,cnn,KSSL.SSL,52867,C2,25,0.8626237764356173,1.5863653538349074,0.8623853211009175,0.45310267247147257,0.5742329349978617,3925
ph.h2o,cnn,KSSL.SSL,52867,C3n,25,0.8559895488195088,1.895923266253622,0.8623853211009175,0.45310267247147257,0.5742329349978617,3925
ph.h2o,cnn,KSSL.SSL,52867,C2,50,0.846598633015885,1.6498486619265453,0.8623853211009175,0.45310267247147257,0.5742329349978617,3925
ph.h2o,cnn,KSSL.SSL,52867,C3n,50,0.8730067970539789,1.8464747259506298,0.8623853211009175,0.45310267247147257,0.5742329349978617,3925
ph.h2o,cnn,ICRAF.ISRIC,3774,C0,0,0.8346938775510203,1.4487592852315745,0.892,0.4927290681481241,0.5399200820751979,8000
ph.h2o,cnn,ICRAF.ISRIC,3774,C0n,0,0.8320085929108487,1.4947804838563288,0.892,0.4927290681481241,0.5399200820751979,8000
ph.h2o,cnn,ICRAF.ISRIC,3774,C2,25,0.9186627282491944,2.0115382988742763,0.892,0.4927290681481241,0.5399200820751979,8000
ph.h2o,cnn,ICRAF.ISRIC,3774,C3n,25,0.9374060150375939,2.7596351028362154,0.892,0.4927290681481241,0.5399200820751979,8000
ph.h2o,cnn,ICRAF.ISRIC,3774,C2,50,0.8932867883995703,1.7471274824863232,0.892,0.4927290681481241,0.5399200820751979,8000
ph.h2o,cnn,ICRAF.ISRIC,3774,C3n,50,0.9110633727175081,2.148223843715945,0.892,0.4927290681481241,0.5399200820751979,8000
ph.h2o,cnn,AFSIS1.SSL,1904,C0,0,0.940992448759439,1.5941725341761825,0.8875,0.41441659256244334,0.4357666063923253,8000
ph.h2o,cnn,AFSIS1.SSL,1904,C0n,0,0.9403451995685007,1.8695264745387983,0.8875,0.41441659256244334,0.4357666063923253,8000
ph.h2o,cnn,AFSIS1.SSL,1904,C2,25,0.9374865156418555,1.7412296265611822,0.8875,0.41441659256244334,0.4357666063923253,8000
ph.h2o,cnn,AFSIS1.SSL,1904,C3n,25,0.9426105717367854,2.169367512225932,0.8875,0.41441659256244334,0.4357666063923253,8000
ph.h2o,cnn,AFSIS1.SSL,1904,C2,50,0.923462783171521,1.6419741604540792,0.8875,0.41441659256244334,0.4357666063923253,8000
ph.h2o,cnn,AFSIS1.SSL,1904,C3n,50,0.919848975188781,1.7413198680417703,0.8875,0.41441659256244334,0.4357666063923253,8000
ph.h2o,cnn,CAF.SSL,483,C0,0,0.8448036951501153,1.825347627527524,0.895,0.4168247645045455,0.7085136389065143,8000
ph.h2o,cnn,CAF.SSL,483,C0n,0,0.8607390300230946,1.884473208047502,0.895,0.4168247645045455,0.7085136389065143,8000
ph.h2o,cnn,CAF.SSL,483,C2,25,0.907852193995381,2.6947388724228643,0.895,0.4168247645045455,0.7085136389065143,8000
ph.h2o,cnn,CAF.SSL,483,C3n,25,0.9002309468822173,2.562717323363348,0.895,0.4168247645045455,0.7085136389065143,8000
ph.h2o,cnn,CAF.SSL,483,C2,50,0.8806004618937646,2.0824025248721423,0.895,0.4168247645045455,0.7085136389065143,8000
ph.h2o,cnn,CAF.SSL,483,C3n,50,0.884526558891455,2.2576682774254646,0.895,0.4168247645045455,0.7085136389065143,8000
ph.h2o,cnn,GARRETT.SSL,184,C0,0,0.9574626865671639,2.8640138207971697,0.9085,0.44349156549488383,0.6097247011692203,8000
ph.h2o,cnn,GARRETT.SSL,184,C0n,0,0.9671641791044776,2.4671688775632634,0.9085,0.44349156549488383,0.6097247011692203,8000
ph.h2o,cnn,GARRETT.SSL,184,C2,25,0.9343283582089553,2.8037669740262423,0.9085,0.44349156549488383,0.6097247011692203,8000
ph.h2o,cnn,GARRETT.SSL,184,C3n,25,0.9305970149253732,1.6114963554406578,0.9085,0.44349156549488383,0.6097247011692203,8000
ph.h2o,cnn,GARRETT.SSL,184,C2,50,0.917910447761194,2.313995359183605,0.9085,0.44349156549488383,0.6097247011692203,8000
ph.h2o,cnn,GARRETT.SSL,184,C3n,50,0.9037313432835822,1.455071365965492,0.9085,0.44349156549488383,0.6097247011692203,8000
ph.h2o,cnn,AFSIS2.SSL,151,C0,0,0.8871287128712873,2.347627924400822,0.913,0.4156643591612534,0.7157656299083914,8000
ph.h2o,cnn,AFSIS2.SSL,151,C0n,0,0.8861386138613861,2.3284246335295276,0.913,0.4156643591612534,0.7157656299083914,8000
ph.h2o,cnn,AFSIS2.SSL,151,C2,25,0.8930693069306932,2.60323219326268,0.913,0.4156643591612534,0.7157656299083914,8000
ph.h2o,cnn,AFSIS2.SSL,151,C3n,25,0.9029702970297029,2.5282821469869656,0.913,0.4156643591612534,0.7157656299083914,8000
ph.h2o,cnn,AFSIS2.SSL,151,C2,50,0.8633663366336635,2.241762569947298,0.913,0.4156643591612534,0.7157656299083914,8000
ph.h2o,cnn,AFSIS2.SSL,151,C3n,50,0.8613861386138615,2.287511855753972,0.913,0.4156643591612534,0.7157656299083914,8000
