prop,model,target,C0,C0w,C1,C1c,C2,C3n,auc,c1_inf,kayip_c0,c1_bilgi
clay.tot,hgb,AFSIS1.SSL,0.2882,0.3886,0.3966,0.3909,0.93,0.9176,0.957,0.0,0.6118,0.0079
clay.tot,hgb,CAF.SSL,0.4507,0.6479,0.7218,0.6138,0.9296,0.9361,0.9943,0.2176,0.4493,0.0739
clay.tot,hgb,GARRETT.SSL,0.2829,0.3157,0.335,0.2946,0.9259,0.9302,0.9787,0.0242,0.6171,0.0194
clay.tot,hgb,ICRAF.ISRIC,0.4125,0.7726,0.777,0.7473,0.9183,0.9171,0.9851,0.0,0.4875,0.0044
clay.tot,hgb,KSSL.SSL,0.7322,0.8577,0.857,0.7939,0.9072,0.9192,0.9687,0.0,0.1678,-0.0007
clay.tot,hgb,SERBIA.SSL,0.7591,0.8758,0.9742,0.8288,0.9176,0.9291,0.9997,0.7291,0.1409,0.0985
clay.tot,plsr,AFSIS1.SSL,0.342,0.4771,0.4812,0.478,0.9262,0.92,0.957,0.0,0.558,0.004
clay.tot,plsr,CAF.SSL,0.5116,0.6907,0.7496,0.6431,0.9121,0.9073,0.9943,0.217,0.3884,0.0589
clay.tot,plsr,GARRETT.SSL,0.2769,0.3182,0.3493,0.2977,0.9308,0.9382,0.9787,0.0276,0.6231,0.0311
clay.tot,plsr,ICRAF.ISRIC,0.3837,0.9149,0.9153,0.8407,0.9133,0.9215,0.9851,0.0,0.5163,0.0005
clay.tot,plsr,KSSL.SSL,0.5841,0.7941,0.7929,0.6826,0.9233,0.9139,0.9687,0.0,0.3159,-0.0012
clay.tot,plsr,SERBIA.SSL,0.7548,0.8448,0.9655,0.8055,0.9073,0.9224,0.9997,0.7288,0.1452,0.1206
n.tot,hgb,AFSIS1.SSL,0.9399,0.8941,0.8999,0.9172,0.932,0.9166,0.9769,0.0,-0.0399,0.0058
n.tot,hgb,AFSIS2.SSL,0.9521,0.9672,0.9696,0.9606,0.9209,0.9294,0.9797,0.2754,-0.0521,0.0024
n.tot,hgb,CAF.SSL,0.863,0.9789,0.9524,0.8895,0.9146,0.9163,0.9984,0.0,0.037,-0.0265
n.tot,hgb,GARRETT.SSL,0.7719,0.8063,0.8166,0.7904,0.9212,0.9063,0.9637,0.0059,0.1281,0.0103
n.tot,hgb,KSSL.SSL,0.4894,0.6452,0.6448,0.5767,0.9314,0.9231,0.9625,0.0,0.4106,-0.0005
n.tot,plsr,AFSIS1.SSL,0.8437,0.9198,0.9237,0.8953,0.9335,0.9352,0.9769,0.0,0.0563,0.0039
n.tot,plsr,AFSIS2.SSL,0.9061,0.9886,0.9902,0.9336,0.918,0.9278,0.9797,0.2741,-0.0061,0.0016
n.tot,plsr,CAF.SSL,0.6287,0.9221,0.9024,0.6837,0.9428,0.9176,0.9984,0.0,0.2713,-0.0197
n.tot,plsr,GARRETT.SSL,0.8266,0.8625,0.8627,0.8371,0.9241,0.9302,0.9637,0.0052,0.0734,0.0002
n.tot,plsr,KSSL.SSL,0.3682,0.5208,0.5199,0.4652,0.9262,0.9129,0.9625,0.0,0.5318,-0.0009
oc,hgb,AFSIS1.SSL,0.8789,0.9018,0.9052,0.8908,0.9197,0.9217,0.9544,0.0,0.0211,0.0034
oc,hgb,AFSIS2.SSL,0.8381,0.7677,0.8463,0.8624,0.9254,0.9095,0.9786,0.4384,0.0619,0.0786
oc,hgb,ICRAF.ISRIC,0.6116,0.7612,0.7625,0.6345,0.9282,0.9255,0.9725,0.0,0.2884,0.0013
oc,hgb,KSSL.SSL,0.4838,0.5499,0.5478,0.5258,0.9236,0.9273,0.9772,0.0,0.4162,-0.0021
oc,plsr,AFSIS1.SSL,0.799,0.9167,0.9179,0.8769,0.9161,0.9211,0.9544,0.0,0.101,0.0011
oc,plsr,AFSIS2.SSL,0.6257,0.6709,0.8362,0.7966,0.9198,0.909,0.9786,0.4431,0.2743,0.1653
oc,plsr,ICRAF.ISRIC,0.6711,0.8212,0.8333,0.7431,0.9137,0.9287,0.9725,0.0,0.2289,0.0121
oc,plsr,KSSL.SSL,0.4774,0.551,0.5491,0.5423,0.9254,0.9307,0.9772,0.0,0.4226,-0.0019
ph.h2o,hgb,AFSIS1.SSL,0.8542,0.8953,0.8964,0.8916,0.9254,0.9248,0.957,0.0,0.0458,0.0011
ph.h2o,hgb,AFSIS2.SSL,0.8175,0.8333,0.9188,0.8378,0.9175,0.9082,0.9805,0.3566,0.0825,0.0854
ph.h2o,hgb,CAF.SSL,0.8309,0.8891,0.9076,0.8499,0.9298,0.9129,0.9975,0.393,0.0691,0.0185
ph.h2o,hgb,GARRETT.SSL,0.73,0.7107,0.7239,0.721,0.9245,0.909,0.9715,0.0061,0.17,0.0132
ph.h2o,hgb,ICRAF.ISRIC,0.7418,0.8226,0.8248,0.7887,0.9249,0.9184,0.9841,0.0,0.1582,0.0022
ph.h2o,hgb,KSSL.SSL,0.7617,0.788,0.787,0.7576,0.9297,0.9213,0.9647,0.0,0.1383,-0.001
ph.h2o,plsr,AFSIS1.SSL,0.8951,0.9475,0.9476,0.9443,0.9412,0.9211,0.957,0.0,0.0049,0.0001
ph.h2o,plsr,AFSIS2.SSL,0.8026,0.7794,0.9376,0.8378,0.9402,0.9249,0.9805,0.3495,0.0974,0.1582
ph.h2o,plsr,CAF.SSL,0.8368,0.7347,0.8344,0.8257,0.9232,0.916,0.9975,0.3924,0.0632,0.0997
ph.h2o,plsr,GARRETT.SSL,0.8625,0.8948,0.8876,0.8828,0.9243,0.9216,0.9715,0.005,0.0375,-0.0071
ph.h2o,plsr,ICRAF.ISRIC,0.7777,0.8824,0.8859,0.845,0.9168,0.9093,0.9841,0.0,0.1223,0.0035
ph.h2o,plsr,KSSL.SSL,0.815,0.8683,0.8679,0.8376,0.9178,0.9263,0.9647,0.0,0.085,-0.0004
