prop,target,n_target,alpha,method,coverage,width_sd
clay.tot,KSSL.SSL,50007,0.2,C0,0.5635186260183758,1.5209131809882375
clay.tot,KSSL.SSL,50007,0.2,C0n,0.6445282943331264,1.903507310682322
clay.tot,KSSL.SSL,50007,0.2,C4,0.8448505714914827,2.591956553082974
clay.tot,KSSL.SSL,50007,0.2,C2_k25,0.8117541085333387,2.590367842905775
clay.tot,KSSL.SSL,50007,0.2,C4t_k25,0.8212202494144965,2.5542637715909398
clay.tot,KSSL.SSL,50007,0.2,C3n_k25,0.7963508617410973,2.224145489990542
clay.tot,KSSL.SSL,50007,0.2,C2_k50,0.794319114438417,2.566143805938595
clay.tot,KSSL.SSL,50007,0.2,C4t_k50,0.8052735352403066,2.480156616138974
clay.tot,KSSL.SSL,50007,0.2,C3n_k50,0.7810046640110494,1.9298658257811738
clay.tot,KSSL.SSL,50007,0.1,C0,0.7559961566947575,2.2525954634700445
clay.tot,KSSL.SSL,50007,0.1,C0n,0.7989791220449587,2.692767212710276
clay.tot,KSSL.SSL,50007,0.1,C4,0.9397551894629382,3.4050027083114833
clay.tot,KSSL.SSL,50007,0.1,C2_k25,0.9284434613767839,3.7072403199506425
clay.tot,KSSL.SSL,50007,0.1,C4t_k25,0.9308044918630024,3.4003160058775093
clay.tot,KSSL.SSL,50007,0.1,C3n_k25,0.9292641671837781,3.5145058379805336
clay.tot,KSSL.SSL,50007,0.1,C2_k50,0.9025612026342655,3.2515004080193384
clay.tot,KSSL.SSL,50007,0.1,C4t_k50,0.9121404407790701,3.242641323704274
clay.tot,KSSL.SSL,50007,0.1,C3n_k50,0.9012230518245692,2.9831717156322832
clay.tot,KSSL.SSL,50007,0.05,C0,0.8425575995356006,2.727051492295759
clay.tot,KSSL.SSL,50007,0.05,C0n,0.8837490241607782,3.457484583402105
clay.tot,KSSL.SSL,50007,0.05,C4,0.9652451107952841,3.940493884659073
clay.tot,KSSL.SSL,50007,0.05,C2_k25,0.9675731128770744,4.135721160279263
clay.tot,KSSL.SSL,50007,0.05,C4t_k25,0.9471875813199352,3.9220556292906448
clay.tot,KSSL.SSL,50007,0.05,C3n_k25,0.9513541645815401,4.971702953294323
clay.tot,KSSL.SSL,50007,0.05,C2_k50,0.9626368677062274,4.112396516838718
clay.tot,KSSL.SSL,50007,0.05,C4t_k50,0.9602348019296592,3.896863194260992
clay.tot,KSSL.SSL,50007,0.05,C3n_k50,0.9494655403647136,4.084668978023576
clay.tot,ICRAF.ISRIC,3738,0.2,C0,0.2325786334056399,0.5283434341099777
clay.tot,ICRAF.ISRIC,3738,0.2,C0n,0.5026843817787418,1.1256718051247279
clay.tot,ICRAF.ISRIC,3738,0.2,C4,0.8279284164859002,1.8054900195941186
clay.tot,ICRAF.ISRIC,3738,0.2,C2_k25,0.78045010845987,1.7698537816411353
clay.tot,ICRAF.ISRIC,3738,0.2,C4t_k25,0.8163232104121475,1.763456272063378
clay.tot,ICRAF.ISRIC,3738,0.2,C3n_k25,0.8003796095444684,1.6011950600874567
clay.tot,ICRAF.ISRIC,3738,0.2,C2_k50,0.8119441431670282,1.8356164406885833
clay.tot,ICRAF.ISRIC,3738,0.2,C4t_k50,0.7968953362255966,1.7461132303159053
clay.tot,ICRAF.ISRIC,3738,0.2,C3n_k50,0.8054636659436009,1.5583236421855506
clay.tot,ICRAF.ISRIC,3738,0.1,C0,0.38886930585683294,0.7934846939617912
clay.tot,ICRAF.ISRIC,3738,0.1,C0n,0.65970715835141,1.5109884019145712
clay.tot,ICRAF.ISRIC,3738,0.1,C4,0.9172722342733189,2.2645507697528795
clay.tot,ICRAF.ISRIC,3738,0.1,C2_k25,0.9118763557483731,2.316734516302673
clay.tot,ICRAF.ISRIC,3738,0.1,C4t_k25,0.9063042299349242,2.2481261315004755
clay.tot,ICRAF.ISRIC,3738,0.1,C3n_k25,0.9438042299349242,2.6447654091369497
clay.tot,ICRAF.ISRIC,3738,0.1,C2_k50,0.8952684381778742,2.2048741254354427
clay.tot,ICRAF.ISRIC,3738,0.1,C4t_k50,0.9008134490238613,2.2323619502056475
clay.tot,ICRAF.ISRIC,3738,0.1,C3n_k50,0.897993492407809,2.085922362101496
clay.tot,ICRAF.ISRIC,3738,0.05,C0,0.5519522776572667,1.1073407903246544
clay.tot,ICRAF.ISRIC,3738,0.05,C0n,0.780517895878525,1.9214929297237593
clay.tot,ICRAF.ISRIC,3738,0.05,C4,0.9655504338394796,2.6524282517838813
clay.tot,ICRAF.ISRIC,3738,0.05,C2_k25,0.9508134490238612,2.686682775962426
clay.tot,ICRAF.ISRIC,3738,0.05,C4t_k25,0.9606968546637743,2.6850000408008783
clay.tot,ICRAF.ISRIC,3738,0.05,C3n_k25,0.9582565075921907,3.101775655324122
clay.tot,ICRAF.ISRIC,3738,0.05,C2_k50,0.9553280911062906,2.793611983375289
clay.tot,ICRAF.ISRIC,3738,0.05,C4t_k50,0.9699566160520607,2.731532654107016
clay.tot,ICRAF.ISRIC,3738,0.05,C3n_k50,0.9627575921908896,2.853777469231572
clay.tot,AFSIS1.SSL,1896,0.2,C0,0.16595341278439868,0.4891893339696147
clay.tot,AFSIS1.SSL,1896,0.2,C0n,0.21952871072589386,0.6310766059722379
clay.tot,AFSIS1.SSL,1896,0.2,C4,0.22876489707475622,0.8141189765739337
clay.tot,AFSIS1.SSL,1896,0.2,C2_k25,0.8125947995666305,2.3027608459187734
clay.tot,AFSIS1.SSL,1896,0.2,C4t_k25,0.7952329360780065,2.3508957424725674
clay.tot,AFSIS1.SSL,1896,0.2,C3n_k25,0.7979144095341277,1.4854730956995619
clay.tot,AFSIS1.SSL,1896,0.2,C2_k50,0.7952600216684724,2.2911385742358954
clay.tot,AFSIS1.SSL,1896,0.2,C4t_k50,0.7960455037919828,2.328465303436146
clay.tot,AFSIS1.SSL,1896,0.2,C3n_k50,0.8233748645720477,1.6323870773634663
clay.tot,AFSIS1.SSL,1896,0.1,C0,0.2744582881906826,0.7486001683702701
clay.tot,AFSIS1.SSL,1896,0.1,C0n,0.2992686890574215,0.8480418109825327
clay.tot,AFSIS1.SSL,1896,0.1,C4,0.3321776814734561,1.1977723013096657
clay.tot,AFSIS1.SSL,1896,0.1,C2_k25,0.9419014084507042,3.144236036639641
clay.tot,AFSIS1.SSL,1896,0.1,C4t_k25,0.9344257854821236,3.30541094646719
clay.tot,AFSIS1.SSL,1896,0.1,C3n_k25,0.9284398699891658,2.8221763371962285
clay.tot,AFSIS1.SSL,1896,0.1,C2_k50,0.9201516793066089,3.0221308768209623
clay.tot,AFSIS1.SSL,1896,0.1,C4t_k50,0.9247833152762732,3.220665901312005
clay.tot,AFSIS1.SSL,1896,0.1,C3n_k50,0.9133531960996752,2.3163950843980983
clay.tot,AFSIS1.SSL,1896,0.05,C0,0.39834777898158175,1.0322176477107687
clay.tot,AFSIS1.SSL,1896,0.05,C0n,0.36909534127843985,1.0445271034477916
clay.tot,AFSIS1.SSL,1896,0.05,C4,0.4694474539544961,1.627813676611297
clay.tot,AFSIS1.SSL,1896,0.05,C2_k25,0.9630010834236188,3.3819461553087304
clay.tot,AFSIS1.SSL,1896,0.05,C4t_k25,0.961430119176598,3.913318273138895
clay.tot,AFSIS1.SSL,1896,0.05,C3n_k25,0.9651137594799566,3.6697724931053157
clay.tot,AFSIS1.SSL,1896,0.05,C2_k50,0.9599133261105092,3.3897674410284413
clay.tot,AFSIS1.SSL,1896,0.05,C4t_k50,0.9689328277356448,3.861675504380805
clay.tot,AFSIS1.SSL,1896,0.05,C3n_k50,0.9673618634886241,3.3629445067704293
clay.tot,CAF.SSL,511,0.2,C0,0.32321041214750545,0.5801500053681862
clay.tot,CAF.SSL,511,0.2,C0n,0.48329718004338396,1.0087732820062991
clay.tot,CAF.SSL,511,0.2,C4,0.6592190889370934,1.713416476536068
clay.tot,CAF.SSL,511,0.2,C2_k25,0.7725596529284164,2.1592257019334005
clay.tot,CAF.SSL,511,0.2,C4t_k25,0.7840563991323211,2.362951495208294
clay.tot,CAF.SSL,511,0.2,C3n_k25,0.7667028199566162,2.0078751861090396
clay.tot,CAF.SSL,511,0.2,C2_k50,0.7764642082429501,2.102790204754567
clay.tot,CAF.SSL,511,0.2,C4t_k50,0.7904555314533622,2.334054720610486
clay.tot,CAF.SSL,511,0.2,C3n_k50,0.7708242950108459,1.9610387125562998
clay.tot,CAF.SSL,511,0.1,C0,0.47223427331887213,0.8790782074680853
clay.tot,CAF.SSL,511,0.1,C0n,0.5673535791757051,1.3577866480394833
clay.tot,CAF.SSL,511,0.1,C4,0.7517353579175705,2.3351204959802248
clay.tot,CAF.SSL,511,0.1,C2_k25,0.8957700650759218,2.9698599309568694
clay.tot,CAF.SSL,511,0.1,C4t_k25,0.922125813449024,3.0213636500024124
clay.tot,CAF.SSL,511,0.1,C3n_k25,0.9063991323210413,2.967774054280979
clay.tot,CAF.SSL,511,0.1,C2_k50,0.8878524945770063,2.8465932605897604
clay.tot,CAF.SSL,511,0.1,C4t_k50,0.9090021691973972,2.9421637761672144
clay.tot,CAF.SSL,511,0.1,C3n_k50,0.8762472885032538,2.5505930200188267
clay.tot,CAF.SSL,511,0.05,C0,0.5748373101952279,1.236134978509611
clay.tot,CAF.SSL,511,0.05,C0n,0.6537960954446854,1.6722117435219934
clay.tot,CAF.SSL,511,0.05,C4,0.8308026030368764,2.806238310601101
clay.tot,CAF.SSL,511,0.05,C2_k25,0.9451193058568329,3.856721413728147
clay.tot,CAF.SSL,511,0.05,C4t_k25,0.9778741865509761,3.3596372448813696
clay.tot,CAF.SSL,511,0.05,C3n_k25,0.9715835140997833,4.688782596951867
clay.tot,CAF.SSL,511,0.05,C2_k50,0.9500000000000002,3.6752225862728296
clay.tot,CAF.SSL,511,0.05,C4t_k50,0.9626898047722344,3.2607852550580816
clay.tot,CAF.SSL,511,0.05,C3n_k50,0.963774403470716,3.5230577275692108
clay.tot,GARRETT.SSL,142,0.2,C0,0.19021739130434784,0.4574036026539148
clay.tot,GARRETT.SSL,142,0.2,C0n,0.24239130434782602,0.44157598742061915
clay.tot,GARRETT.SSL,142,0.2,C4,0.3456521739130435,0.7774519754924183
clay.tot,GARRETT.SSL,142,0.2,C2_k25,0.8402173913043478,5.45955747831573
clay.tot,GARRETT.SSL,142,0.2,C4t_k25,0.8418478260869566,5.256955753779848
clay.tot,GARRETT.SSL,142,0.2,C3n_k25,0.8472826086956522,3.504659133367909
clay.tot,GARRETT.SSL,142,0.2,C2_k50,0.8081521739130434,4.278487988284338
clay.tot,GARRETT.SSL,142,0.2,C4t_k50,0.8000000000000002,3.7891040008754273
clay.tot,GARRETT.SSL,142,0.2,C3n_k50,0.8434782608695652,3.4023484394755754
clay.tot,GARRETT.SSL,142,0.1,C0,0.25923913043478264,0.7097638232122225
clay.tot,GARRETT.SSL,142,0.1,C0n,0.29347826086956524,0.5714558196287085
clay.tot,GARRETT.SSL,142,0.1,C4,0.4766304347826087,0.9871361397438438
clay.tot,GARRETT.SSL,142,0.1,C2_k25,0.9141304347826086,6.57921200666077
clay.tot,GARRETT.SSL,142,0.1,C4t_k25,0.9081521739130436,6.397828923628111
clay.tot,GARRETT.SSL,142,0.1,C3n_k25,0.9141304347826086,4.884374746936178
clay.tot,GARRETT.SSL,142,0.1,C2_k50,0.8956521739130434,6.399799718733805
clay.tot,GARRETT.SSL,142,0.1,C4t_k50,0.888586956521739,6.141832057343043
clay.tot,GARRETT.SSL,142,0.1,C3n_k50,0.9092391304347827,4.022809931217205
clay.tot,GARRETT.SSL,142,0.05,C0,0.3478260869565218,0.9706898290331908
clay.tot,GARRETT.SSL,142,0.05,C0n,0.358695652173913,0.713196444143848
clay.tot,GARRETT.SSL,142,0.05,C4,0.6108695652173913,1.3103024756599404
clay.tot,GARRETT.SSL,142,0.05,C2_k25,0.9521739130434783,6.983575276205568
clay.tot,GARRETT.SSL,142,0.05,C4t_k25,0.9527173913043476,6.633689072680989
clay.tot,GARRETT.SSL,142,0.05,C3n_k25,0.9505434782608695,6.315139830416287
clay.tot,GARRETT.SSL,142,0.05,C2_k50,0.9516304347826088,6.993464726018177
clay.tot,GARRETT.SSL,142,0.05,C4t_k50,0.951086956521739,6.467521865545546
clay.tot,GARRETT.SSL,142,0.05,C3n_k50,0.9603260869565217,6.016621037416984
clay.tot,SERBIA.SSL,135,0.2,C0,0.6064705882352941,0.93124519336378
clay.tot,SERBIA.SSL,135,0.2,C0n,0.7052941176470586,1.1759666941082116
clay.tot,SERBIA.SSL,135,0.2,C4,0.9305882352941177,1.9862520610834151
clay.tot,SERBIA.SSL,135,0.2,C2_k25,0.8176470588235295,1.780278125436797
clay.tot,SERBIA.SSL,135,0.2,C4t_k25,0.8317647058823529,1.5065415438666834
clay.tot,SERBIA.SSL,135,0.2,C3n_k25,0.8258823529411765,1.8365716506616545
clay.tot,SERBIA.SSL,135,0.2,C2_k50,0.8100000000000002,1.6541956372724123
clay.tot,SERBIA.SSL,135,0.2,C4t_k50,0.8305882352941177,1.4834217569960395
clay.tot,SERBIA.SSL,135,0.2,C3n_k50,0.8170588235294118,1.7421758078422385
clay.tot,SERBIA.SSL,135,0.1,C0,0.7364705882352942,1.4409820116337577
clay.tot,SERBIA.SSL,135,0.1,C0n,0.7882352941176473,1.58790643929188
clay.tot,SERBIA.SSL,135,0.1,C4,0.9941176470588236,2.7581777413509405
clay.tot,SERBIA.SSL,135,0.1,C2_k25,0.9347058823529413,2.5284137942700102
clay.tot,SERBIA.SSL,135,0.1,C4t_k25,0.9370588235294118,2.4162406365796847
clay.tot,SERBIA.SSL,135,0.1,C3n_k25,0.9311764705882354,2.423811981784846
clay.tot,SERBIA.SSL,135,0.1,C2_k50,0.9041176470588235,2.308892843825598
clay.tot,SERBIA.SSL,135,0.1,C4t_k50,0.9158823529411764,2.2702395654526564
clay.tot,SERBIA.SSL,135,0.1,C3n_k50,0.8976470588235295,2.139189785294942
clay.tot,SERBIA.SSL,135,0.05,C0,0.8411764705882353,1.945809117526066
clay.tot,SERBIA.SSL,135,0.05,C0n,0.8623529411764708,1.9964225518999583
clay.tot,SERBIA.SSL,135,0.05,C4,1.0,3.7187614897527546
clay.tot,SERBIA.SSL,135,0.05,C2_k25,0.9641176470588235,2.988755849875777
clay.tot,SERBIA.SSL,135,0.05,C4t_k25,0.9652941176470587,3.049546401011254
clay.tot,SERBIA.SSL,135,0.05,C3n_k25,0.96,2.8791169028249817
clay.tot,SERBIA.SSL,135,0.05,C2_k50,0.95,2.7402944863999723
clay.tot,SERBIA.SSL,135,0.05,C4t_k50,0.9570588235294117,2.961361225188946
clay.tot,SERBIA.SSL,135,0.05,C3n_k50,0.9605882352941176,2.942276554207954
oc,KSSL.SSL,20081,0.2,C0,0.3769107882781688,0.247442340568952
oc,KSSL.SSL,20081,0.2,C0n,0.5690654485547402,0.5029395884251976
oc,KSSL.SSL,20081,0.2,C4,0.43822075782537073,0.6327274767806128
oc,KSSL.SSL,20081,0.2,C2_k25,0.8096949727921722,1.0448027771466435
oc,KSSL.SSL,20081,0.2,C4t_k25,0.8171134741151216,1.436182474754665
oc,KSSL.SSL,20081,0.2,C3n_k25,0.7964380210673456,0.5760623955496542
oc,KSSL.SSL,20081,0.2,C2_k50,0.7912785182966402,0.9940919569643158
oc,KSSL.SSL,20081,0.2,C4t_k50,0.7905571364385202,1.4145210933108279
oc,KSSL.SSL,20081,0.2,C3n_k50,0.7905496480455294,0.5434105708831354
oc,KSSL.SSL,20081,0.1,C0,0.4692801158204783,0.35909056915372173
oc,KSSL.SSL,20081,0.1,C0n,0.8080450302031851,0.8256757617591887
oc,KSSL.SSL,20081,0.1,C4,0.5255279317058559,0.8249729991396223
oc,KSSL.SSL,20081,0.1,C2_k25,0.9131396335679696,1.3855448642804324
oc,KSSL.SSL,20081,0.1,C4t_k25,0.9253781638460387,1.6774238311125216
oc,KSSL.SSL,20081,0.1,C3n_k25,0.9330737357096501,1.0858183120562952
oc,KSSL.SSL,20081,0.1,C2_k50,0.882789176775997,1.240729618844598
oc,KSSL.SSL,20081,0.1,C4t_k50,0.8989915630772304,1.5552061045420034
oc,KSSL.SSL,20081,0.1,C3n_k50,0.9056362637911237,0.8139265777472522
oc,KSSL.SSL,20081,0.05,C0,0.5370276072088264,0.47262792628182143
oc,KSSL.SSL,20081,0.05,C0n,0.9219909140831712,1.1906935644520542
oc,KSSL.SSL,20081,0.05,C4,0.6633867505366681,0.9624106114601433
oc,KSSL.SSL,20081,0.05,C2_k25,0.9593030802256504,1.6342936145727118
oc,KSSL.SSL,20081,0.05,C4t_k25,0.9639858219759372,1.7928847750392172
oc,KSSL.SSL,20081,0.05,C3n_k25,0.9691053866506915,2.1282688136456023
oc,KSSL.SSL,20081,0.05,C2_k50,0.9611102790674456,1.6127895416904778
oc,KSSL.SSL,20081,0.05,C4t_k50,0.96019669512256,1.7071745059267656
oc,KSSL.SSL,20081,0.05,C3n_k50,0.9693225500474265,1.3899186565991573
oc,ICRAF.ISRIC,3698,0.2,C0,0.4569353070175438,0.5958805978523978
oc,ICRAF.ISRIC,3698,0.2,C0n,0.6348821271929824,0.9107555063434236
oc,ICRAF.ISRIC,3698,0.2,C4,0.5193393640350876,1.3037927614385498
oc,ICRAF.ISRIC,3698,0.2,C2_k25,0.7854989035087719,1.299781429109764
oc,ICRAF.ISRIC,3698,0.2,C4t_k25,0.7740542763157896,1.8769483765589543
oc,ICRAF.ISRIC,3698,0.2,C3n_k25,0.7832236842105263,1.2695696863525203
oc,ICRAF.ISRIC,3698,0.2,C2_k50,0.7804002192982455,1.2400997654335846
oc,ICRAF.ISRIC,3698,0.2,C4t_k50,0.7839501096491228,1.9046445370610035
oc,ICRAF.ISRIC,3698,0.2,C3n_k50,0.7916803728070174,1.189019883961571
oc,ICRAF.ISRIC,3698,0.1,C0,0.6153782894736842,0.8440736789127434
oc,ICRAF.ISRIC,3698,0.1,C0n,0.7634594298245614,1.2616982363751106
oc,ICRAF.ISRIC,3698,0.1,C4,0.610718201754386,2.009998257229028
oc,ICRAF.ISRIC,3698,0.1,C2_k25,0.9428865131578947,2.698577047406255
oc,ICRAF.ISRIC,3698,0.1,C4t_k25,0.9162143640350877,3.0982549964054753
oc,ICRAF.ISRIC,3698,0.1,C3n_k25,0.935265899122807,2.5432482448081264
oc,ICRAF.ISRIC,3698,0.1,C2_k50,0.8875959429824564,1.9545742406571422
oc,ICRAF.ISRIC,3698,0.1,C4t_k50,0.9012472587719298,2.972938530025856
oc,ICRAF.ISRIC,3698,0.1,C3n_k50,0.90078125,1.8242481409742193
oc,ICRAF.ISRIC,3698,0.05,C0,0.7643229166666666,1.174058505098594
oc,ICRAF.ISRIC,3698,0.05,C0n,0.8445997807017545,1.5668675656428819
oc,ICRAF.ISRIC,3698,0.05,C4,0.6792077850877193,2.686061952813394
oc,ICRAF.ISRIC,3698,0.05,C2_k25,0.9637198464912281,3.1981480956449078
oc,ICRAF.ISRIC,3698,0.05,C4t_k25,0.9499588815789475,4.168767958164982
oc,ICRAF.ISRIC,3698,0.05,C3n_k25,0.9489446271929823,3.0632132039077975
oc,ICRAF.ISRIC,3698,0.05,C2_k50,0.9549890350877194,2.980091346271103
oc,ICRAF.ISRIC,3698,0.05,C4t_k50,0.9481770833333334,3.995470253490027
oc,ICRAF.ISRIC,3698,0.05,C3n_k50,0.95703125,2.8405388323464216
oc,AFSIS1.SSL,1902,0.2,C0,0.7709233261339092,0.8144310721530545
oc,AFSIS1.SSL,1902,0.2,C0n,0.7977051835853131,0.9061150391397641
oc,AFSIS1.SSL,1902,0.2,C4,0.8973812095032399,1.3244477299462663
oc,AFSIS1.SSL,1902,0.2,C2_k25,0.8316414686825055,0.9877938976059395
oc,AFSIS1.SSL,1902,0.2,C4t_k25,0.8009989200863931,1.1048465153910132
oc,AFSIS1.SSL,1902,0.2,C3n_k25,0.839902807775378,1.1091552086549998
oc,AFSIS1.SSL,1902,0.2,C2_k50,0.8179265658747301,0.9942786957895235
oc,AFSIS1.SSL,1902,0.2,C4t_k50,0.8105561555075594,1.1297173483875533
oc,AFSIS1.SSL,1902,0.2,C3n_k50,0.8249190064794817,1.0735462651187064
oc,AFSIS1.SSL,1902,0.1,C0,0.8849082073434126,1.1881016062594258
oc,AFSIS1.SSL,1902,0.1,C0n,0.8970302375809937,1.2460513794322026
oc,AFSIS1.SSL,1902,0.1,C4,0.9679535637149028,2.204204395002959
oc,AFSIS1.SSL,1902,0.1,C2_k25,0.9475431965442764,1.716553327581035
oc,AFSIS1.SSL,1902,0.1,C4t_k25,0.9255669546436284,1.9989650170343503
oc,AFSIS1.SSL,1902,0.1,C3n_k25,0.9491900647948164,1.9454129616048086
oc,AFSIS1.SSL,1902,0.1,C2_k50,0.9056965442764578,1.3196570941387589
oc,AFSIS1.SSL,1902,0.1,C4t_k50,0.9097192224622033,1.8829540227837747
oc,AFSIS1.SSL,1902,0.1,C3n_k50,0.9066414686825055,1.471257352498204
oc,AFSIS1.SSL,1902,0.05,C0,0.9388768898488122,1.603848315409771
oc,AFSIS1.SSL,1902,0.05,C0n,0.9442224622030236,1.6028109606506677
oc,AFSIS1.SSL,1902,0.05,C4,0.9984611231101514,3.100490629244856
oc,AFSIS1.SSL,1902,0.05,C2_k25,0.9477321814254861,1.891365608938113
oc,AFSIS1.SSL,1902,0.05,C4t_k25,0.9679805615550757,2.8023774546397666
oc,AFSIS1.SSL,1902,0.05,C3n_k25,0.9557505399568035,2.052059343615416
oc,AFSIS1.SSL,1902,0.05,C2_k50,0.9566414686825052,2.1237335181363215
oc,AFSIS1.SSL,1902,0.05,C4t_k50,0.9688714902807775,2.7610561714578292
oc,AFSIS1.SSL,1902,0.05,C3n_k50,0.9588552915766737,2.0041940810415113
oc,AFSIS2.SSL,151,0.2,C0,0.7361386138613861,1.0987160463252448
oc,AFSIS2.SSL,151,0.2,C0n,0.6821782178217821,0.970270731880947
oc,AFSIS2.SSL,151,0.2,C4,0.94009900990099,1.7630019430597907
oc,AFSIS2.SSL,151,0.2,C2_k25,0.80990099009901,1.4045888671817537
oc,AFSIS2.SSL,151,0.2,C4t_k25,0.799009900990099,1.375297266932959
oc,AFSIS2.SSL,151,0.2,C3n_k25,0.8331683168316832,1.3372049490019173
oc,AFSIS2.SSL,151,0.2,C2_k50,0.8103960396039606,1.3626525383387003
oc,AFSIS2.SSL,151,0.2,C4t_k50,0.803960396039604,1.3849349608678043
oc,AFSIS2.SSL,151,0.2,C3n_k50,0.7980198019801981,1.235615263731467
oc,AFSIS2.SSL,151,0.1,C0,0.8792079207920791,1.5813971831136502
oc,AFSIS2.SSL,151,0.1,C0n,0.8133663366336634,1.3074506800971495
oc,AFSIS2.SSL,151,0.1,C4,0.9737623762376237,2.890266983748734
oc,AFSIS2.SSL,151,0.1,C2_k25,0.9257425742574258,1.8754869285277143
oc,AFSIS2.SSL,151,0.1,C4t_k25,0.9311881188118812,2.311674095397909
oc,AFSIS2.SSL,151,0.1,C3n_k25,0.9267326732673269,2.2854221379642032
oc,AFSIS2.SSL,151,0.1,C2_k50,0.8935643564356436,1.7048318151682782
oc,AFSIS2.SSL,151,0.1,C4t_k50,0.9133663366336633,2.2005911136276675
oc,AFSIS2.SSL,151,0.1,C3n_k50,0.9029702970297031,1.7554926221161007
oc,AFSIS2.SSL,151,0.05,C0,0.9519801980198018,2.125018154505258
oc,AFSIS2.SSL,151,0.05,C0n,0.9094059405940594,1.7272998093719054
oc,AFSIS2.SSL,151,0.05,C4,1.0,4.0482476724668635
oc,AFSIS2.SSL,151,0.05,C2_k25,0.9648514851485149,2.7106356210340237
oc,AFSIS2.SSL,151,0.05,C4t_k25,0.949009900990099,3.268103160372328
oc,AFSIS2.SSL,151,0.05,C3n_k25,0.9613861386138615,2.8411991536004226
oc,AFSIS2.SSL,151,0.05,C2_k50,0.9564356435643564,2.374019978373284
oc,AFSIS2.SSL,151,0.05,C4t_k50,0.95,3.2491945299817755
oc,AFSIS2.SSL,151,0.05,C3n_k50,0.9554455445544555,2.526575473582559
n.tot,KSSL.SSL,76594,0.2,C0,0.36428982023411377,0.20796004670174117
n.tot,KSSL.SSL,76594,0.2,C0n,0.45188649665551833,0.3164710965799472
n.tot,KSSL.SSL,76594,0.2,C4,0.45668700355351166,0.36975679230594766
n.tot,KSSL.SSL,76594,0.2,C2_k25,0.8261111256270903,1.1284902214141925
n.tot,KSSL.SSL,76594,0.2,C4t_k25,0.8233976536371237,1.277992940025515
n.tot,KSSL.SSL,76594,0.2,C3n_k25,0.822134981187291,0.7415539343849581
n.tot,KSSL.SSL,76594,0.2,C2_k50,0.8132257263795987,0.9959797194952549
n.tot,KSSL.SSL,76594,0.2,C4t_k50,0.8146895903010034,1.1286865897726988
n.tot,KSSL.SSL,76594,0.2,C3n_k50,0.8160339151337792,0.6635019988562976
n.tot,KSSL.SSL,76594,0.1,C0,0.5213635294732442,0.33878095730829333
n.tot,KSSL.SSL,76594,0.1,C0n,0.592800872700669,0.44773150377927384
n.tot,KSSL.SSL,76594,0.1,C4,0.5987471258361204,0.5305786419039281
n.tot,KSSL.SSL,76594,0.1,C2_k25,0.9062480403428094,2.2961695319289976
n.tot,KSSL.SSL,76594,0.1,C4t_k25,0.90893277069398,2.6902863387367333
n.tot,KSSL.SSL,76594,0.1,C3n_k25,0.9216071801839464,1.1162942489527068
n.tot,KSSL.SSL,76594,0.1,C2_k50,0.8924964726170568,2.0245665457745887
n.tot,KSSL.SSL,76594,0.1,C4t_k50,0.8961505800585284,2.3505098457747247
n.tot,KSSL.SSL,76594,0.1,C3n_k50,0.9112837061036787,1.0119032270216728
n.tot,KSSL.SSL,76594,0.05,C0,0.6381355821488295,0.48253514375755013
n.tot,KSSL.SSL,76594,0.05,C0n,0.7739365593645484,0.6906284655357392
n.tot,KSSL.SSL,76594,0.05,C4,0.6791401024247492,0.6399332528189964
n.tot,KSSL.SSL,76594,0.05,C2_k25,0.9351627821906355,3.2276328867448134
n.tot,KSSL.SSL,76594,0.05,C4t_k25,0.9380761392140468,3.2626792227506924
n.tot,KSSL.SSL,76594,0.05,C3n_k25,0.9711139997909699,2.3884780992773496
n.tot,KSSL.SSL,76594,0.05,C2_k50,0.9551362614966555,3.577707971363613
n.tot,KSSL.SSL,76594,0.05,C4t_k50,0.9566915760869564,3.656445700211524
n.tot,KSSL.SSL,76594,0.05,C3n_k50,0.9661123014214047,1.6029949772876024
n.tot,AFSIS1.SSL,1902,0.2,C0,0.838768898488121,1.6246219584581738
n.tot,AFSIS1.SSL,1902,0.2,C0n,0.7732991360691146,1.187174677858386
n.tot,AFSIS1.SSL,1902,0.2,C4,0.7832613390928725,1.201204638949175
n.tot,AFSIS1.SSL,1902,0.2,C2_k25,0.8154427645788337,1.370029291090043
n.tot,AFSIS1.SSL,1902,0.2,C4t_k25,0.8001349892008639,1.2528235856288268
n.tot,AFSIS1.SSL,1902,0.2,C3n_k25,0.8138228941684666,1.0095493656904908
n.tot,AFSIS1.SSL,1902,0.2,C2_k50,0.8132829373650108,1.4198847950735924
n.tot,AFSIS1.SSL,1902,0.2,C4t_k50,0.7897948164146869,1.244360973533131
n.tot,AFSIS1.SSL,1902,0.2,C3n_k50,0.8201943844492441,0.9819040200340099
n.tot,AFSIS1.SSL,1902,0.1,C0,0.9328833693304533,2.5603496948201774
n.tot,AFSIS1.SSL,1902,0.1,C0n,0.8898758099352053,1.6060648365777634
n.tot,AFSIS1.SSL,1902,0.1,C4,0.9277807775377969,1.699964274258523
n.tot,AFSIS1.SSL,1902,0.1,C2_k25,0.933072354211663,2.677316924894938
n.tot,AFSIS1.SSL,1902,0.1,C4t_k25,0.9214902807775379,1.6677871900624521
n.tot,AFSIS1.SSL,1902,0.1,C3n_k25,0.9387149028077753,1.937325759849156
n.tot,AFSIS1.SSL,1902,0.1,C2_k50,0.9056425485961123,2.100858758972924
n.tot,AFSIS1.SSL,1902,0.1,C4t_k50,0.8901727861771059,1.563018503694881
n.tot,AFSIS1.SSL,1902,0.1,C3n_k50,0.9240820734341252,1.4790071511203196
n.tot,AFSIS1.SSL,1902,0.05,C0,0.9773218142548596,3.6747438090121003
n.tot,AFSIS1.SSL,1902,0.05,C0n,0.9410907127429804,2.029223289833114
n.tot,AFSIS1.SSL,1902,0.05,C4,0.9968682505399566,2.600433602841253
n.tot,AFSIS1.SSL,1902,0.05,C2_k25,0.9594492440604754,3.075806948779155
n.tot,AFSIS1.SSL,1902,0.05,C4t_k25,0.9738660907127429,2.297629418739551
n.tot,AFSIS1.SSL,1902,0.05,C3n_k25,0.9589902807775378,2.117731557538582
n.tot,AFSIS1.SSL,1902,0.05,C2_k50,0.955453563714903,2.854187253558359
n.tot,AFSIS1.SSL,1902,0.05,C4t_k50,0.9703563714902808,2.235298588802636
n.tot,AFSIS1.SSL,1902,0.05,C3n_k50,0.967305615550756,1.9911387278092298
n.tot,CAF.SSL,1578,0.2,C0,0.6852421465968586,1.0384977208292705
n.tot,CAF.SSL,1578,0.2,C0n,0.7346204188481675,1.1520740495144834
n.tot,CAF.SSL,1578,0.2,C4,0.7297447643979057,0.8320097771165009
n.tot,CAF.SSL,1578,0.2,C2_k25,0.7797120418848168,1.2603419450685085
n.tot,CAF.SSL,1578,0.2,C4t_k25,0.7906740837696336,1.0109380275074313
n.tot,CAF.SSL,1578,0.2,C3n_k25,0.8153468586387435,1.397167236938005
n.tot,CAF.SSL,1578,0.2,C2_k50,0.7806282722513089,1.2848829584515333
n.tot,CAF.SSL,1578,0.2,C4t_k50,0.8085732984293195,1.0231284164897572
n.tot,CAF.SSL,1578,0.2,C3n_k50,0.81842277486911,1.346648058346987
n.tot,CAF.SSL,1578,0.1,C0,0.8561191099476438,1.6352922176234195
n.tot,CAF.SSL,1578,0.1,C0n,0.8440772251308901,1.5187797844058508
n.tot,CAF.SSL,1578,0.1,C4,0.8851112565445025,1.1701827488972938
n.tot,CAF.SSL,1578,0.1,C2_k25,0.9375654450261781,2.5586672214801967
n.tot,CAF.SSL,1578,0.1,C4t_k25,0.9255235602094242,1.4164155435086458
n.tot,CAF.SSL,1578,0.1,C3n_k25,0.9388743455497381,2.477569890892901
n.tot,CAF.SSL,1578,0.1,C2_k50,0.9146269633507853,2.055971498865542
n.tot,CAF.SSL,1578,0.1,C4t_k50,0.9130562827225133,1.38328723838577
n.tot,CAF.SSL,1578,0.1,C3n_k50,0.9157395287958117,1.9839811995647947
n.tot,CAF.SSL,1578,0.05,C0,0.9358311518324607,2.3309094362996885
n.tot,CAF.SSL,1578,0.05,C0n,0.9116492146596858,1.9170508417217493
n.tot,CAF.SSL,1578,0.05,C4,0.9670157068062826,1.6232160120000687
n.tot,CAF.SSL,1578,0.05,C2_k25,0.9623363874345549,3.7309419430818127
n.tot,CAF.SSL,1578,0.05,C4t_k25,0.9679973821989529,1.6315216260469034
n.tot,CAF.SSL,1578,0.05,C3n_k25,0.943259162303665,2.7878151271156293
n.tot,CAF.SSL,1578,0.05,C2_k50,0.9717604712041885,3.643084969455736
n.tot,CAF.SSL,1578,0.05,C4t_k50,0.9601112565445025,1.6270030332073129
n.tot,CAF.SSL,1578,0.05,C3n_k50,0.962041884816754,2.4332727856851077
n.tot,GARRETT.SSL,184,0.2,C0,0.6656716417910448,0.9718285766901812
n.tot,GARRETT.SSL,184,0.2,C0n,0.7529850746268658,1.0806353780778477
n.tot,GARRETT.SSL,184,0.2,C4,0.6197761194029852,1.0846633406884996
n.tot,GARRETT.SSL,184,0.2,C2_k25,0.8175373134328359,1.5317446689790797
n.tot,GARRETT.SSL,184,0.2,C4t_k25,0.8156716417910447,1.5572738919346305
n.tot,GARRETT.SSL,184,0.2,C3n_k25,0.832089552238806,1.0604655652024222
n.tot,GARRETT.SSL,184,0.2,C2_k50,0.794776119402985,1.3958009400493414
n.tot,GARRETT.SSL,184,0.2,C4t_k50,0.7962686567164179,1.4249633025624804
n.tot,GARRETT.SSL,184,0.2,C3n_k50,0.8264925373134329,1.0132227953904267
n.tot,GARRETT.SSL,184,0.1,C0,0.8167910447761194,1.499236100538196
n.tot,GARRETT.SSL,184,0.1,C0n,0.8742537313432835,1.4385503907143966
n.tot,GARRETT.SSL,184,0.1,C4,0.7753731343283581,1.7375826417970899
n.tot,GARRETT.SSL,184,0.1,C2_k25,0.9223880597014924,2.8889679444076997
n.tot,GARRETT.SSL,184,0.1,C4t_k25,0.91044776119403,2.248226528688845
n.tot,GARRETT.SSL,184,0.1,C3n_k25,0.9421641791044777,1.5674615582511313
n.tot,GARRETT.SSL,184,0.1,C2_k50,0.9138059701492539,2.468343770370579
n.tot,GARRETT.SSL,184,0.1,C4t_k50,0.8944029850746269,2.0274109528545496
n.tot,GARRETT.SSL,184,0.1,C3n_k50,0.905223880597015,1.323942073035733
n.tot,GARRETT.SSL,184,0.05,C0,0.8876865671641792,2.1147421779806193
n.tot,GARRETT.SSL,184,0.05,C0n,0.9294776119402984,1.7894850909221753
n.tot,GARRETT.SSL,184,0.05,C4,0.9261194029850748,2.1728302948555944
n.tot,GARRETT.SSL,184,0.05,C2_k25,0.9723880597014924,4.1605876077486
n.tot,GARRETT.SSL,184,0.05,C4t_k25,0.9738805970149252,2.73692069534924
n.tot,GARRETT.SSL,184,0.05,C3n_k25,0.948134328358209,1.8070964613168183
n.tot,GARRETT.SSL,184,0.05,C2_k50,0.9705223880597014,3.9576679802233077
n.tot,GARRETT.SSL,184,0.05,C4t_k50,0.9742537313432835,2.6646656136257487
n.tot,GARRETT.SSL,184,0.05,C3n_k50,0.9555970149253733,1.700139371042285
n.tot,AFSIS2.SSL,151,0.2,C0,0.8891089108910892,2.0021821230842582
n.tot,AFSIS2.SSL,151,0.2,C0n,0.8341584158415843,1.8727245350524289
n.tot,AFSIS2.SSL,151,0.2,C4,0.9207920792079207,1.6422937958837593
n.tot,AFSIS2.SSL,151,0.2,C2_k25,0.8168316831683169,1.7366856871726712
n.tot,AFSIS2.SSL,151,0.2,C4t_k25,0.8321782178217824,1.2714867837051855
n.tot,AFSIS2.SSL,151,0.2,C3n_k25,0.8202970297029705,1.354285059109872
n.tot,AFSIS2.SSL,151,0.2,C2_k50,0.808910891089109,1.6690185078442414
n.tot,AFSIS2.SSL,151,0.2,C4t_k50,0.8262376237623764,1.2535146864391524
n.tot,AFSIS2.SSL,151,0.2,C3n_k50,0.8113861386138614,1.298414816616036
n.tot,AFSIS2.SSL,151,0.1,C0,0.9638613861386138,3.1463706217113576
n.tot,AFSIS2.SSL,151,0.1,C0n,0.9301980198019801,2.5501760688028132
n.tot,AFSIS2.SSL,151,0.1,C4,0.9440594059405939,2.0171920982418405
n.tot,AFSIS2.SSL,151,0.1,C2_k25,0.9118811881188119,2.3089799060839673
n.tot,AFSIS2.SSL,151,0.1,C4t_k25,0.9247524752475247,1.893232005549477
n.tot,AFSIS2.SSL,151,0.1,C3n_k25,0.9069306930693071,2.218181464730219
n.tot,AFSIS2.SSL,151,0.1,C2_k50,0.887128712871287,2.043382724157227
n.tot,AFSIS2.SSL,151,0.1,C4t_k50,0.8950495049504952,1.6804007521432425
n.tot,AFSIS2.SSL,151,0.1,C3n_k50,0.8930693069306932,2.0111350115934905
n.tot,AFSIS2.SSL,151,0.05,C0,0.9940594059405943,4.5048858602918065
n.tot,AFSIS2.SSL,151,0.05,C0n,0.9757425742574257,3.239941341554066
n.tot,AFSIS2.SSL,151,0.05,C4,1.0,2.716746788144204
n.tot,AFSIS2.SSL,151,0.05,C2_k25,0.9712871287128714,4.358567377902722
n.tot,AFSIS2.SSL,151,0.05,C4t_k25,0.9787128712871288,2.2903670218798156
n.tot,AFSIS2.SSL,151,0.05,C3n_k25,0.9559405940594059,3.073209167123798
n.tot,AFSIS2.SSL,151,0.05,C2_k50,0.9732673267326731,4.1765354188310315
n.tot,AFSIS2.SSL,151,0.05,C4t_k50,0.9633663366336632,2.261399844090431
n.tot,AFSIS2.SSL,151,0.05,C3n_k50,0.9653465346534654,3.297208984263663
ph.h2o,KSSL.SSL,52867,0.2,C0,0.572632864418653,0.8375941302634015
ph.h2o,KSSL.SSL,52867,0.2,C0n,0.6581952780354812,1.0527331551460333
ph.h2o,KSSL.SSL,52867,0.2,C4,0.7564401613116989,1.3832663766694577
ph.h2o,KSSL.SSL,52867,0.2,C2_k25,0.8313185148721056,1.520179508134269
ph.h2o,KSSL.SSL,52867,0.2,C4t_k25,0.8177177802601434,1.6330842724206078
ph.h2o,KSSL.SSL,52867,0.2,C3n_k25,0.8063464414866424,1.607690891827826
ph.h2o,KSSL.SSL,52867,0.2,C2_k50,0.8098112350190279,1.4919108944613848
ph.h2o,KSSL.SSL,52867,0.2,C4t_k50,0.8200863358388396,1.5462766200294578
ph.h2o,KSSL.SSL,52867,0.2,C3n_k50,0.7851146411193367,1.5049310581753705
ph.h2o,KSSL.SSL,52867,0.1,C0,0.7017286101065945,1.1207521210960392
ph.h2o,KSSL.SSL,52867,0.1,C0n,0.8125840165098358,1.542410593644436
ph.h2o,KSSL.SSL,52867,0.1,C4,0.8885406213908402,2.0708749620506293
ph.h2o,KSSL.SSL,52867,0.1,C2_k25,0.920225495579075,2.1684374583929826
ph.h2o,KSSL.SSL,52867,0.1,C4t_k25,0.9287407463506068,2.428599642957744
ph.h2o,KSSL.SSL,52867,0.1,C3n_k25,0.920049415907757,2.356670745815583
ph.h2o,KSSL.SSL,52867,0.1,C2_k50,0.8977649241721417,1.8498351329042706
ph.h2o,KSSL.SSL,52867,0.1,C4t_k50,0.8976087244637142,2.2100246430021553
ph.h2o,KSSL.SSL,52867,0.1,C3n_k50,0.8838394834996308,1.932362444197417
ph.h2o,KSSL.SSL,52867,0.05,C0,0.8247420338148702,1.505583114455722
ph.h2o,KSSL.SSL,52867,0.05,C0n,0.9075704792017723,2.0966935502499324
ph.h2o,KSSL.SSL,52867,0.05,C4,0.9480101103811274,2.5799992946148094
ph.h2o,KSSL.SSL,52867,0.05,C2_k25,0.9533000738398621,2.7027035497106535
ph.h2o,KSSL.SSL,52867,0.05,C4t_k25,0.9477866974648312,2.65576262387016
ph.h2o,KSSL.SSL,52867,0.05,C3n_k25,0.9639652005982923,3.3589196608684935
ph.h2o,KSSL.SSL,52867,0.05,C2_k50,0.9566919741749815,2.6213583002410665
ph.h2o,KSSL.SSL,52867,0.05,C4t_k50,0.9558011625044969,2.6978474739445173
ph.h2o,KSSL.SSL,52867,0.05,C3n_k50,0.9546784179336198,2.866127896567183
ph.h2o,ICRAF.ISRIC,3774,0.2,C0,0.6161251342642321,0.8025114914633757
ph.h2o,ICRAF.ISRIC,3774,0.2,C0n,0.6620032223415682,0.8804258663788134
ph.h2o,ICRAF.ISRIC,3774,0.2,C4,0.7007250268528464,1.1410338511075673
ph.h2o,ICRAF.ISRIC,3774,0.2,C2_k25,0.8145273899033298,1.3509298463764934
ph.h2o,ICRAF.ISRIC,3774,0.2,C4t_k25,0.8218313641245972,1.4856597304134844
ph.h2o,ICRAF.ISRIC,3774,0.2,C3n_k25,0.8162459720730398,1.4368888715136667
ph.h2o,ICRAF.ISRIC,3774,0.2,C2_k50,0.8036117078410312,1.3126666785853982
ph.h2o,ICRAF.ISRIC,3774,0.2,C4t_k50,0.8261278195488723,1.459548704089864
ph.h2o,ICRAF.ISRIC,3774,0.2,C3n_k50,0.8165682062298604,1.4064719075489316
ph.h2o,ICRAF.ISRIC,3774,0.1,C0,0.7467508055853921,1.1041143514062066
ph.h2o,ICRAF.ISRIC,3774,0.1,C0n,0.7786654135338347,1.175335856145473
ph.h2o,ICRAF.ISRIC,3774,0.1,C4,0.8113319011815252,1.5988022501913215
ph.h2o,ICRAF.ISRIC,3774,0.1,C2_k25,0.9089285714285715,1.9533484369277594
ph.h2o,ICRAF.ISRIC,3774,0.1,C4t_k25,0.9093984962406015,2.087834239653256
ph.h2o,ICRAF.ISRIC,3774,0.1,C3n_k25,0.9212943071965627,2.22349209335804
ph.h2o,ICRAF.ISRIC,3774,0.1,C2_k50,0.8930048335123523,1.7200407594978344
ph.h2o,ICRAF.ISRIC,3774,0.1,C4t_k50,0.8933404940923737,1.9956756194740675
ph.h2o,ICRAF.ISRIC,3774,0.1,C3n_k50,0.888842642320086,1.733543696180976
ph.h2o,ICRAF.ISRIC,3774,0.05,C0,0.8428302900107412,1.4358975083428502
ph.h2o,ICRAF.ISRIC,3774,0.05,C0n,0.8502685284640172,1.4655341185396655
ph.h2o,ICRAF.ISRIC,3774,0.05,C4,0.8828678839957036,2.0680487623878525
ph.h2o,ICRAF.ISRIC,3774,0.05,C2_k25,0.9697905477980665,2.87599734106629
ph.h2o,ICRAF.ISRIC,3774,0.05,C4t_k25,0.9642857142857142,3.0572179852562757
ph.h2o,ICRAF.ISRIC,3774,0.05,C3n_k25,0.963547261009667,2.979277868078611
ph.h2o,ICRAF.ISRIC,3774,0.05,C2_k50,0.9622314715359828,2.549467800405376
ph.h2o,ICRAF.ISRIC,3774,0.05,C4t_k50,0.9588211600429645,2.8124432807594717
ph.h2o,ICRAF.ISRIC,3774,0.05,C3n_k50,0.9650510204081633,2.9103759579982427
ph.h2o,AFSIS1.SSL,1904,0.2,C0,0.6995415318230852,1.0801007079556337
ph.h2o,AFSIS1.SSL,1904,0.2,C0n,0.7668015102481123,1.2439659862472867
ph.h2o,AFSIS1.SSL,1904,0.2,C4,0.8024002157497303,1.4713866634318655
ph.h2o,AFSIS1.SSL,1904,0.2,C2_k25,0.8097357065803668,1.4368530614451083
ph.h2o,AFSIS1.SSL,1904,0.2,C4t_k25,0.793338727076591,1.399089454661067
ph.h2o,AFSIS1.SSL,1904,0.2,C3n_k25,0.8077400215749728,1.521686543572506
ph.h2o,AFSIS1.SSL,1904,0.2,C2_k50,0.7996494066882416,1.3787165526660572
ph.h2o,AFSIS1.SSL,1904,0.2,C4t_k50,0.7977076591154262,1.4196202239802873
ph.h2o,AFSIS1.SSL,1904,0.2,C3n_k50,0.8061758360302049,1.4274752837490092
ph.h2o,AFSIS1.SSL,1904,0.1,C0,0.8374325782092773,1.4824310854375926
ph.h2o,AFSIS1.SSL,1904,0.1,C0n,0.8761057173678534,1.6625562436707633
ph.h2o,AFSIS1.SSL,1904,0.1,C4,0.922411003236246,2.1066517954412554
ph.h2o,AFSIS1.SSL,1904,0.1,C2_k25,0.9325242718446602,2.1671198881936187
ph.h2o,AFSIS1.SSL,1904,0.1,C4t_k25,0.9353290183387271,2.291745142098031
ph.h2o,AFSIS1.SSL,1904,0.1,C3n_k25,0.9175836030204962,2.1261879370650574
ph.h2o,AFSIS1.SSL,1904,0.1,C2_k50,0.913133764832794,1.9513508253992105
ph.h2o,AFSIS1.SSL,1904,0.1,C4t_k50,0.913888888888889,2.0262013317825316
ph.h2o,AFSIS1.SSL,1904,0.1,C3n_k50,0.9051779935275082,1.8855749700135667
ph.h2o,AFSIS1.SSL,1904,0.05,C0,0.9218985976267529,1.942437075440837
ph.h2o,AFSIS1.SSL,1904,0.05,C0n,0.9344120819848974,2.057314300576268
ph.h2o,AFSIS1.SSL,1904,0.05,C4,0.963646170442287,2.6852415120271194
ph.h2o,AFSIS1.SSL,1904,0.05,C2_k25,0.9471413160733549,2.3119957569788
ph.h2o,AFSIS1.SSL,1904,0.05,C4t_k25,0.9574433656957929,2.7677610552682173
ph.h2o,AFSIS1.SSL,1904,0.05,C3n_k25,0.9395900755124057,2.5759850590297786
ph.h2o,AFSIS1.SSL,1904,0.05,C2_k50,0.9430420711974111,2.31617408627276
ph.h2o,AFSIS1.SSL,1904,0.05,C4t_k50,0.9507281553398059,2.6496433558786254
ph.h2o,AFSIS1.SSL,1904,0.05,C3n_k50,0.9532901833872707,2.4210088774561163
ph.h2o,CAF.SSL,483,0.2,C0,0.6446882217090069,1.2612644691623365
ph.h2o,CAF.SSL,483,0.2,C0n,0.684526558891455,1.357250162871847
ph.h2o,CAF.SSL,483,0.2,C4,0.7505773672055426,1.7117017728103552
ph.h2o,CAF.SSL,483,0.2,C2_k25,0.8131639722863742,1.799351856892458
ph.h2o,CAF.SSL,483,0.2,C4t_k25,0.8129330254041569,2.1324547615337233
ph.h2o,CAF.SSL,483,0.2,C3n_k25,0.7705542725173211,1.6000618586366313
ph.h2o,CAF.SSL,483,0.2,C2_k50,0.7966512702078521,1.6980213986151727
ph.h2o,CAF.SSL,483,0.2,C4t_k50,0.7922632794457275,1.8976197868189697
ph.h2o,CAF.SSL,483,0.2,C3n_k50,0.7927251732101617,1.6515280494395324
ph.h2o,CAF.SSL,483,0.1,C0,0.8047344110854505,1.7290459138109584
ph.h2o,CAF.SSL,483,0.1,C0n,0.7833718244803695,1.8046068505441029
ph.h2o,CAF.SSL,483,0.1,C4,0.8131639722863742,2.324422618685904
ph.h2o,CAF.SSL,483,0.1,C2_k25,0.9315242494226327,3.5100737940038225
ph.h2o,CAF.SSL,483,0.1,C4t_k25,0.9185912240184757,3.496577519440221
ph.h2o,CAF.SSL,483,0.1,C3n_k25,0.917551963048499,3.320857922625106
ph.h2o,CAF.SSL,483,0.1,C2_k50,0.9020785219399539,2.618590793079433
ph.h2o,CAF.SSL,483,0.1,C4t_k50,0.8890300230946883,2.892176356594438
ph.h2o,CAF.SSL,483,0.1,C3n_k50,0.8980369515011548,2.7609756083299817
ph.h2o,CAF.SSL,483,0.05,C0,0.8672055427251733,2.201512846455165
ph.h2o,CAF.SSL,483,0.05,C0n,0.8370669745958429,2.2287894435383357
ph.h2o,CAF.SSL,483,0.05,C4,0.887066974595843,3.2465551708232474
ph.h2o,CAF.SSL,483,0.05,C2_k25,0.9572748267898383,4.609803143930055
ph.h2o,CAF.SSL,483,0.05,C4t_k25,0.9608545034642031,4.544947766354895
ph.h2o,CAF.SSL,483,0.05,C3n_k25,0.9660508083140875,5.056859187991559
ph.h2o,CAF.SSL,483,0.05,C2_k50,0.9583140877598153,4.219819101496443
ph.h2o,CAF.SSL,483,0.05,C4t_k50,0.9621247113163971,4.378965578934285
ph.h2o,CAF.SSL,483,0.05,C3n_k50,0.9620092378752887,4.381339237942191
ph.h2o,GARRETT.SSL,184,0.2,C0,0.5261194029850746,1.7466458365072306
ph.h2o,GARRETT.SSL,184,0.2,C0n,0.5496268656716419,1.6932591936191912
ph.h2o,GARRETT.SSL,184,0.2,C4,0.45932835820895523,2.1448575741291442
ph.h2o,GARRETT.SSL,184,0.2,C2_k25,0.808955223880597,2.764855413509842
ph.h2o,GARRETT.SSL,184,0.2,C4t_k25,0.8429104477611942,3.266386745947142
ph.h2o,GARRETT.SSL,184,0.2,C3n_k25,0.8082089552238806,1.4580050443808044
ph.h2o,GARRETT.SSL,184,0.2,C2_k50,0.7973880597014926,2.6417194670061193
ph.h2o,GARRETT.SSL,184,0.2,C4t_k50,0.8220149253731345,3.095458860734091
ph.h2o,GARRETT.SSL,184,0.2,C3n_k50,0.8029850746268657,1.4151269224339897
ph.h2o,GARRETT.SSL,184,0.1,C0,0.7794776119402984,2.431900363062356
ph.h2o,GARRETT.SSL,184,0.1,C0n,0.7567164179104476,2.255479015015804
ph.h2o,GARRETT.SSL,184,0.1,C4,0.5630597014925373,3.0118254011940575
ph.h2o,GARRETT.SSL,184,0.1,C2_k25,0.937313432835821,3.9910433065657225
ph.h2o,GARRETT.SSL,184,0.1,C4t_k25,0.9208955223880595,4.130736403262343
ph.h2o,GARRETT.SSL,184,0.1,C3n_k25,0.9369402985074627,1.9964400387475025
ph.h2o,GARRETT.SSL,184,0.1,C2_k50,0.9093283582089553,3.3144046716583144
ph.h2o,GARRETT.SSL,184,0.1,C4t_k50,0.9003731343283581,4.037549665911682
ph.h2o,GARRETT.SSL,184,0.1,C3n_k50,0.9205223880597014,1.8277935063068442
ph.h2o,GARRETT.SSL,184,0.05,C0,0.8914179104477613,3.1320722096505165
ph.h2o,GARRETT.SSL,184,0.05,C0n,0.8638059701492538,2.8112195907391717
ph.h2o,GARRETT.SSL,184,0.05,C4,0.7701492537313432,4.166085788682364
ph.h2o,GARRETT.SSL,184,0.05,C2_k25,0.9541044776119403,4.5182523956881635
ph.h2o,GARRETT.SSL,184,0.05,C4t_k25,0.9548507462686568,4.7383883052720694
ph.h2o,GARRETT.SSL,184,0.05,C3n_k25,0.9544776119402986,2.0890106865447073
ph.h2o,GARRETT.SSL,184,0.05,C2_k50,0.9526119402985074,4.213679293883436
ph.h2o,GARRETT.SSL,184,0.05,C4t_k50,0.9604477611940299,4.750084754813416
ph.h2o,GARRETT.SSL,184,0.05,C3n_k50,0.9619402985074625,2.127383361887698
ph.h2o,AFSIS2.SSL,151,0.2,C0,0.6658415841584159,1.5063429388960197
ph.h2o,AFSIS2.SSL,151,0.2,C0n,0.75990099009901,1.8674327405685713
ph.h2o,AFSIS2.SSL,151,0.2,C4,0.8470297029702969,2.2105923608073916
ph.h2o,AFSIS2.SSL,151,0.2,C2_k25,0.808910891089109,2.26664562719246
ph.h2o,AFSIS2.SSL,151,0.2,C4t_k25,0.7970297029702971,2.131831343261548
ph.h2o,AFSIS2.SSL,151,0.2,C3n_k25,0.7851485148514852,2.0780924701150636
ph.h2o,AFSIS2.SSL,151,0.2,C2_k50,0.7980198019801981,2.1314319036648213
ph.h2o,AFSIS2.SSL,151,0.2,C4t_k50,0.804950495049505,2.0317551781441416
ph.h2o,AFSIS2.SSL,151,0.2,C3n_k50,0.7915841584158418,2.0940537720044823
ph.h2o,AFSIS2.SSL,151,0.1,C0,0.7816831683168318,2.0871870017106158
ph.h2o,AFSIS2.SSL,151,0.1,C0n,0.8722772277227723,2.4880819280312645
ph.h2o,AFSIS2.SSL,151,0.1,C4,0.9153465346534654,2.8654784700099443
ph.h2o,AFSIS2.SSL,151,0.1,C2_k25,0.9326732673267326,3.4178738152434645
ph.h2o,AFSIS2.SSL,151,0.1,C4t_k25,0.9257425742574256,3.012901480944629
ph.h2o,AFSIS2.SSL,151,0.1,C3n_k25,0.949009900990099,3.6208503928186904
ph.h2o,AFSIS2.SSL,151,0.1,C2_k50,0.9009900990099009,3.11115198974102
ph.h2o,AFSIS2.SSL,151,0.1,C4t_k50,0.9089108910891088,2.863782740867205
ph.h2o,AFSIS2.SSL,151,0.1,C3n_k50,0.9202970297029701,2.995793175801077
ph.h2o,AFSIS2.SSL,151,0.05,C0,0.8797029702970297,2.6831383372678848
ph.h2o,AFSIS2.SSL,151,0.05,C0n,0.9029702970297029,3.0666785111066623
ph.h2o,AFSIS2.SSL,151,0.05,C4,0.9475247524752473,3.609484779451613
ph.h2o,AFSIS2.SSL,151,0.05,C2_k25,0.9554455445544555,3.799473006664478
ph.h2o,AFSIS2.SSL,151,0.05,C4t_k25,0.9623762376237626,4.707081827716602
ph.h2o,AFSIS2.SSL,151,0.05,C3n_k25,0.9524752475247524,4.574854132786697
ph.h2o,AFSIS2.SSL,151,0.05,C2_k50,0.9539603960396039,3.6440602699837306
ph.h2o,AFSIS2.SSL,151,0.05,C4t_k50,0.9663366336633663,4.280470454017954
ph.h2o,AFSIS2.SSL,151,0.05,C3n_k50,0.9475247524752476,3.8712813362095
